timestamp,device_id,channel,value,unit,quality,sequence_number
1700000000.000000,sim-pump-01,vibration_x,-0.018767,g,GOOD,0
1700000000.001000,sim-pump-01,vibration_x,0.315821,g,GOOD,1
1700000000.002000,sim-pump-01,vibration_x,0.692887,g,GOOD,2
1700000000.003000,sim-pump-01,vibration_x,0.902324,g,GOOD,3
1700000000.004000,sim-pump-01,vibration_x,1.082076,g,GOOD,4
1700000000.005000,sim-pump-01,vibration_x,1.290776,g,GOOD,5
1700000000.006000,sim-pump-01,vibration_x,1.199742,g,GOOD,6
1700000000.007000,sim-pump-01,vibration_x,1.256497,g,GOOD,7
1700000000.008000,sim-pump-01,vibration_x,1.161717,g,GOOD,8
1700000000.009000,sim-pump-01,vibration_x,0.998175,g,GOOD,9
1700000000.010000,sim-pump-01,vibration_x,0.862531,g,GOOD,10
1700000000.011000,sim-pump-01,vibration_x,0.711176,g,GOOD,11
1700000000.012000,sim-pump-01,vibration_x,0.580321,g,GOOD,12
1700000000.013000,sim-pump-01,vibration_x,0.601165,g,GOOD,13
1700000000.014000,sim-pump-01,vibration_x,0.493087,g,GOOD,14
1700000000.015000,sim-pump-01,vibration_x,0.387252,g,GOOD,15
1700000000.016000,sim-pump-01,vibration_x,0.411163,g,GOOD,16
1700000000.017000,sim-pump-01,vibration_x,0.257245,g,GOOD,17
1700000000.018000,sim-pump-01,vibration_x,0.251865,g,GOOD,18
1700000000.019000,sim-pump-01,vibration_x,0.094389,g,GOOD,19
1700000000.020000,sim-pump-01,vibration_x,0.003281,g,GOOD,20
1700000000.021000,sim-pump-01,vibration_x,-0.109400,g,GOOD,21
1700000000.022000,sim-pump-01,vibration_x,-0.130183,g,GOOD,22
1700000000.023000,sim-pump-01,vibration_x,-0.233647,g,GOOD,23
1700000000.024000,sim-pump-01,vibration_x,-0.345426,g,GOOD,24
1700000000.025000,sim-pump-01,vibration_x,-0.454819,g,GOOD,25
1700000000.026000,sim-pump-01,vibration_x,-0.461878,g,GOOD,26
1700000000.027000,sim-pump-01,vibration_x,-0.528033,g,GOOD,27
1700000000.028000,sim-pump-01,vibration_x,-0.658851,g,GOOD,28
1700000000.029000,sim-pump-01,vibration_x,-0.783749,g,GOOD,29
1700000000.030000,sim-pump-01,vibration_x,-0.956678,g,GOOD,30
1700000000.031000,sim-pump-01,vibration_x,-0.927880,g,GOOD,31
1700000000.032000,sim-pump-01,vibration_x,-1.138533,g,GOOD,32
1700000000.033000,sim-pump-01,vibration_x,-1.196497,g,GOOD,33
1700000000.034000,sim-pump-01,vibration_x,-1.221637,g,GOOD,34
1700000000.035000,sim-pump-01,vibration_x,-1.202220,g,GOOD,35
1700000000.036000,sim-pump-01,vibration_x,-1.071308,g,GOOD,36
1700000000.037000,sim-pump-01,vibration_x,-0.821578,g,GOOD,37
1700000000.038000,sim-pump-01,vibration_x,-0.675637,g,GOOD,38
1700000000.039000,sim-pump-01,vibration_x,-0.368077,g,GOOD,39
1700000000.040000,sim-pump-01,vibration_x,-0.047799,g,GOOD,40
1700000000.041000,sim-pump-01,vibration_x,0.367969,g,GOOD,41
1700000000.042000,sim-pump-01,vibration_x,0.718569,g,GOOD,42
1700000000.043000,sim-pump-01,vibration_x,0.901159,g,GOOD,43
1700000000.044000,sim-pump-01,vibration_x,1.125452,g,GOOD,44
1700000000.045000,sim-pump-01,vibration_x,1.104008,g,GOOD,45
1700000000.046000,sim-pump-01,vibration_x,1.216960,g,GOOD,46
1700000000.047000,sim-pump-01,vibration_x,1.127413,g,GOOD,47
1700000000.048000,sim-pump-01,vibration_x,1.163067,g,GOOD,48
1700000000.049000,sim-pump-01,vibration_x,1.050369,g,GOOD,49
1700000000.050000,sim-pump-01,vibration_x,0.859879,g,GOOD,50
1700000000.051000,sim-pump-01,vibration_x,0.787538,g,GOOD,51
1700000000.052000,sim-pump-01,vibration_x,0.608764,g,GOOD,52
1700000000.053000,sim-pump-01,vibration_x,0.506451,g,GOOD,53
1700000000.054000,sim-pump-01,vibration_x,0.522885,g,GOOD,54
1700000000.055000,sim-pump-01,vibration_x,0.455234,g,GOOD,55
1700000000.056000,sim-pump-01,vibration_x,0.353927,g,GOOD,56
1700000000.057000,sim-pump-01,vibration_x,0.268006,g,GOOD,57
1700000000.058000,sim-pump-01,vibration_x,0.250552,g,GOOD,58
1700000000.059000,sim-pump-01,vibration_x,0.087555,g,GOOD,59
1700000000.060000,sim-pump-01,vibration_x,-0.031448,g,GOOD,60
1700000000.061000,sim-pump-01,vibration_x,-0.079590,g,GOOD,61
1700000000.062000,sim-pump-01,vibration_x,-0.112218,g,GOOD,62
1700000000.063000,sim-pump-01,vibration_x,-0.287326,g,GOOD,63
1700000000.064000,sim-pump-01,vibration_x,-0.405490,g,GOOD,64
1700000000.065000,sim-pump-01,vibration_x,-0.377981,g,GOOD,65
1700000000.066000,sim-pump-01,vibration_x,-0.452741,g,GOOD,66
1700000000.067000,sim-pump-01,vibration_x,-0.567839,g,GOOD,67
1700000000.068000,sim-pump-01,vibration_x,-0.702825,g,GOOD,68
1700000000.069000,sim-pump-01,vibration_x,-0.736383,g,GOOD,69
1700000000.070000,sim-pump-01,vibration_x,-0.965593,g,GOOD,70
1700000000.071000,sim-pump-01,vibration_x,-0.979774,g,GOOD,71
1700000000.072000,sim-pump-01,vibration_x,-0.998809,g,GOOD,72
1700000000.073000,sim-pump-01,vibration_x,-1.163743,g,GOOD,73
1700000000.074000,sim-pump-01,vibration_x,-1.249081,g,GOOD,74
1700000000.075000,sim-pump-01,vibration_x,-1.202079,g,GOOD,75
1700000000.076000,sim-pump-01,vibration_x,-1.140592,g,GOOD,76
1700000000.077000,sim-pump-01,vibration_x,-0.966654,g,GOOD,77
1700000000.078000,sim-pump-01,vibration_x,-0.728554,g,GOOD,78
1700000000.079000,sim-pump-01,vibration_x,-0.392155,g,GOOD,79
1700000000.080000,sim-pump-01,vibration_x,0.064754,g,GOOD,80
1700000000.081000,sim-pump-01,vibration_x,0.416469,g,GOOD,81
1700000000.082000,sim-pump-01,vibration_x,0.602271,g,GOOD,82
1700000000.083000,sim-pump-01,vibration_x,0.923379,g,GOOD,83
1700000000.084000,sim-pump-01,vibration_x,1.129904,g,GOOD,84
1700000000.085000,sim-pump-01,vibration_x,1.205035,g,GOOD,85
1700000000.086000,sim-pump-01,vibration_x,1.194713,g,GOOD,86
1700000000.087000,sim-pump-01,vibration_x,1.139168,g,GOOD,87
1700000000.088000,sim-pump-01,vibration_x,1.064838,g,GOOD,88
1700000000.089000,sim-pump-01,vibration_x,1.048236,g,GOOD,89
1700000000.090000,sim-pump-01,vibration_x,0.956717,g,GOOD,90
1700000000.091000,sim-pump-01,vibration_x,0.695570,g,GOOD,91
1700000000.092000,sim-pump-01,vibration_x,0.644081,g,GOOD,92
1700000000.093000,sim-pump-01,vibration_x,0.509505,g,GOOD,93
1700000000.094000,sim-pump-01,vibration_x,0.561958,g,GOOD,94
1700000000.095000,sim-pump-01,vibration_x,0.503213,g,GOOD,95
1700000000.096000,sim-pump-01,vibration_x,0.339949,g,GOOD,96
1700000000.097000,sim-pump-01,vibration_x,0.350171,g,GOOD,97
1700000000.098000,sim-pump-01,vibration_x,0.112962,g,GOOD,98
1700000000.099000,sim-pump-01,vibration_x,0.184124,g,GOOD,99
1700000000.100000,sim-pump-01,vibration_x,-0.061036,g,GOOD,100
1700000000.101000,sim-pump-01,vibration_x,-0.074254,g,GOOD,101
1700000000.102000,sim-pump-01,vibration_x,-0.147686,g,GOOD,102
1700000000.103000,sim-pump-01,vibration_x,-0.301506,g,GOOD,103
1700000000.104000,sim-pump-01,vibration_x,-0.320651,g,GOOD,104
1700000000.105000,sim-pump-01,vibration_x,-0.357334,g,GOOD,105
1700000000.106000,sim-pump-01,vibration_x,-0.509562,g,GOOD,106
1700000000.107000,sim-pump-01,vibration_x,-0.544490,g,GOOD,107
1700000000.108000,sim-pump-01,vibration_x,-0.695079,g,GOOD,108
1700000000.109000,sim-pump-01,vibration_x,-0.678030,g,GOOD,109
1700000000.110000,sim-pump-01,vibration_x,-0.847480,g,GOOD,110
1700000000.111000,sim-pump-01,vibration_x,-1.053806,g,GOOD,111
1700000000.112000,sim-pump-01,vibration_x,-1.102711,g,GOOD,112
1700000000.113000,sim-pump-01,vibration_x,-1.157253,g,GOOD,113
1700000000.114000,sim-pump-01,vibration_x,-1.222172,g,GOOD,114
1700000000.115000,sim-pump-01,vibration_x,-1.146913,g,GOOD,115
1700000000.116000,sim-pump-01,vibration_x,-1.154127,g,GOOD,116
1700000000.117000,sim-pump-01,vibration_x,-0.940394,g,GOOD,117
1700000000.118000,sim-pump-01,vibration_x,-0.643715,g,GOOD,118
1700000000.119000,sim-pump-01,vibration_x,-0.371253,g,GOOD,119
1700000000.120000,sim-pump-01,vibration_x,-0.021032,g,GOOD,120
1700000000.121000,sim-pump-01,vibration_x,0.332594,g,GOOD,121
1700000000.122000,sim-pump-01,vibration_x,0.623974,g,GOOD,122
1700000000.123000,sim-pump-01,vibration_x,0.943761,g,GOOD,123
1700000000.124000,sim-pump-01,vibration_x,1.179870,g,GOOD,124
1700000000.125000,sim-pump-01,vibration_x,1.271417,g,GOOD,125
1700000000.126000,sim-pump-01,vibration_x,1.227520,g,GOOD,126
1700000000.127000,sim-pump-01,vibration_x,1.155059,g,GOOD,127
1700000000.128000,sim-pump-01,vibration_x,1.085129,g,GOOD,128
1700000000.129000,sim-pump-01,vibration_x,0.981043,g,GOOD,129
1700000000.130000,sim-pump-01,vibration_x,0.941851,g,GOOD,130
1700000000.131000,sim-pump-01,vibration_x,0.826874,g,GOOD,131
1700000000.132000,sim-pump-01,vibration_x,0.554274,g,GOOD,132
1700000000.133000,sim-pump-01,vibration_x,0.626187,g,GOOD,133
1700000000.134000,sim-pump-01,vibration_x,0.499078,g,GOOD,134
1700000000.135000,sim-pump-01,vibration_x,0.415950,g,GOOD,135
1700000000.136000,sim-pump-01,vibration_x,0.327025,g,GOOD,136
1700000000.137000,sim-pump-01,vibration_x,0.328880,g,GOOD,137
1700000000.138000,sim-pump-01,vibration_x,0.192346,g,GOOD,138
1700000000.139000,sim-pump-01,vibration_x,0.090013,g,GOOD,139
1700000000.140000,sim-pump-01,vibration_x,0.032187,g,GOOD,140
1700000000.141000,sim-pump-01,vibration_x,-0.128505,g,GOOD,141
1700000000.142000,sim-pump-01,vibration_x,-0.165826,g,GOOD,142
1700000000.143000,sim-pump-01,vibration_x,-0.228404,g,GOOD,143
1700000000.144000,sim-pump-01,vibration_x,-0.385983,g,GOOD,144
1700000000.145000,sim-pump-01,vibration_x,-0.452756,g,GOOD,145
1700000000.146000,sim-pump-01,vibration_x,-0.452730,g,GOOD,146
1700000000.147000,sim-pump-01,vibration_x,-0.542619,g,GOOD,147
1700000000.148000,sim-pump-01,vibration_x,-0.554117,g,GOOD,148
1700000000.149000,sim-pump-01,vibration_x,-0.675102,g,GOOD,149
1700000000.150000,sim-pump-01,vibration_x,-0.779401,g,GOOD,150
1700000000.151000,sim-pump-01,vibration_x,-0.967363,g,GOOD,151
1700000000.152000,sim-pump-01,vibration_x,-1.138927,g,GOOD,152
1700000000.153000,sim-pump-01,vibration_x,-1.127438,g,GOOD,153
1700000000.154000,sim-pump-01,vibration_x,-1.269221,g,GOOD,154
1700000000.155000,sim-pump-01,vibration_x,-1.209500,g,GOOD,155
1700000000.156000,sim-pump-01,vibration_x,-1.109644,g,GOOD,156
1700000000.157000,sim-pump-01,vibration_x,-0.951276,g,GOOD,157
1700000000.158000,sim-pump-01,vibration_x,-0.658007,g,GOOD,158
1700000000.159000,sim-pump-01,vibration_x,-0.400211,g,GOOD,159
1700000000.160000,sim-pump-01,vibration_x,-0.000768,g,GOOD,160
1700000000.161000,sim-pump-01,vibration_x,0.397842,g,GOOD,161
1700000000.162000,sim-pump-01,vibration_x,0.738365,g,GOOD,162
1700000000.163000,sim-pump-01,vibration_x,0.901760,g,GOOD,163
1700000000.164000,sim-pump-01,vibration_x,1.184822,g,GOOD,164
1700000000.165000,sim-pump-01,vibration_x,1.304136,g,GOOD,165
1700000000.166000,sim-pump-01,vibration_x,1.137531,g,GOOD,166
1700000000.167000,sim-pump-01,vibration_x,1.208810,g,GOOD,167
1700000000.168000,sim-pump-01,vibration_x,1.006120,g,GOOD,168
1700000000.169000,sim-pump-01,vibration_x,1.053690,g,GOOD,169
1700000000.170000,sim-pump-01,vibration_x,0.898788,g,GOOD,170
1700000000.171000,sim-pump-01,vibration_x,0.750412,g,GOOD,171
1700000000.172000,sim-pump-01,vibration_x,0.598789,g,GOOD,172
1700000000.173000,sim-pump-01,vibration_x,0.559196,g,GOOD,173
1700000000.174000,sim-pump-01,vibration_x,0.501417,g,GOOD,174
1700000000.175000,sim-pump-01,vibration_x,0.425845,g,GOOD,175
1700000000.176000,sim-pump-01,vibration_x,0.422436,g,GOOD,176
1700000000.177000,sim-pump-01,vibration_x,0.301955,g,GOOD,177
1700000000.178000,sim-pump-01,vibration_x,0.169313,g,GOOD,178
1700000000.179000,sim-pump-01,vibration_x,0.124285,g,GOOD,179
1700000000.180000,sim-pump-01,vibration_x,-0.024827,g,GOOD,180
1700000000.181000,sim-pump-01,vibration_x,-0.125113,g,GOOD,181
1700000000.182000,sim-pump-01,vibration_x,-0.152081,g,GOOD,182
1700000000.183000,sim-pump-01,vibration_x,-0.286308,g,GOOD,183
1700000000.184000,sim-pump-01,vibration_x,-0.275393,g,GOOD,184
1700000000.185000,sim-pump-01,vibration_x,-0.483899,g,GOOD,185
1700000000.186000,sim-pump-01,vibration_x,-0.524780,g,GOOD,186
1700000000.187000,sim-pump-01,vibration_x,-0.575140,g,GOOD,187
1700000000.188000,sim-pump-01,vibration_x,-0.573122,g,GOOD,188
1700000000.189000,sim-pump-01,vibration_x,-0.793720,g,GOOD,189
1700000000.190000,sim-pump-01,vibration_x,-0.755877,g,GOOD,190
1700000000.191000,sim-pump-01,vibration_x,-0.908563,g,GOOD,191
1700000000.192000,sim-pump-01,vibration_x,-1.099724,g,GOOD,192
1700000000.193000,sim-pump-01,vibration_x,-1.213565,g,GOOD,193
1700000000.194000,sim-pump-01,vibration_x,-1.323348,g,GOOD,194
1700000000.195000,sim-pump-01,vibration_x,-1.276166,g,GOOD,195
1700000000.196000,sim-pump-01,vibration_x,-1.077636,g,GOOD,196
1700000000.197000,sim-pump-01,vibration_x,-0.983357,g,GOOD,197
1700000000.198000,sim-pump-01,vibration_x,-0.646554,g,GOOD,198
1700000000.199000,sim-pump-01,vibration_x,-0.438442,g,GOOD,199
1700000000.200000,sim-pump-01,vibration_x,-0.038819,g,GOOD,200
1700000000.201000,sim-pump-01,vibration_x,0.321913,g,GOOD,201
1700000000.202000,sim-pump-01,vibration_x,0.673421,g,GOOD,202
1700000000.203000,sim-pump-01,vibration_x,0.889391,g,GOOD,203
1700000000.204000,sim-pump-01,vibration_x,1.206101,g,GOOD,204
1700000000.205000,sim-pump-01,vibration_x,1.196663,g,GOOD,205
1700000000.206000,sim-pump-01,vibration_x,1.236342,g,GOOD,206
1700000000.207000,sim-pump-01,vibration_x,1.145268,g,GOOD,207
1700000000.208000,sim-pump-01,vibration_x,1.166206,g,GOOD,208
1700000000.209000,sim-pump-01,vibration_x,0.958242,g,GOOD,209
1700000000.210000,sim-pump-01,vibration_x,0.873201,g,GOOD,210
1700000000.211000,sim-pump-01,vibration_x,0.748798,g,GOOD,211
1700000000.212000,sim-pump-01,vibration_x,0.606259,g,GOOD,212
1700000000.213000,sim-pump-01,vibration_x,0.461712,g,GOOD,213
1700000000.214000,sim-pump-01,vibration_x,0.579588,g,GOOD,214
1700000000.215000,sim-pump-01,vibration_x,0.408645,g,GOOD,215
1700000000.216000,sim-pump-01,vibration_x,0.362709,g,GOOD,216
1700000000.217000,sim-pump-01,vibration_x,0.252747,g,GOOD,217
1700000000.218000,sim-pump-01,vibration_x,0.202769,g,GOOD,218
1700000000.219000,sim-pump-01,vibration_x,0.110673,g,GOOD,219
1700000000.220000,sim-pump-01,vibration_x,-0.011941,g,GOOD,220
1700000000.221000,sim-pump-01,vibration_x,-0.142449,g,GOOD,221
1700000000.222000,sim-pump-01,vibration_x,-0.190028,g,GOOD,222
1700000000.223000,sim-pump-01,vibration_x,-0.216971,g,GOOD,223
1700000000.224000,sim-pump-01,vibration_x,-0.374916,g,GOOD,224
1700000000.225000,sim-pump-01,vibration_x,-0.341422,g,GOOD,225
1700000000.226000,sim-pump-01,vibration_x,-0.391860,g,GOOD,226
1700000000.227000,sim-pump-01,vibration_x,-0.528573,g,GOOD,227
1700000000.228000,sim-pump-01,vibration_x,-0.662081,g,GOOD,228
1700000000.229000,sim-pump-01,vibration_x,-0.690797,g,GOOD,229
1700000000.230000,sim-pump-01,vibration_x,-0.872964,g,GOOD,230
1700000000.231000,sim-pump-01,vibration_x,-1.013592,g,GOOD,231
1700000000.232000,sim-pump-01,vibration_x,-1.062497,g,GOOD,232
1700000000.233000,sim-pump-01,vibration_x,-1.197646,g,GOOD,233
1700000000.234000,sim-pump-01,vibration_x,-1.171203,g,GOOD,234
1700000000.235000,sim-pump-01,vibration_x,-1.233695,g,GOOD,235
1700000000.236000,sim-pump-01,vibration_x,-1.092850,g,GOOD,236
1700000000.237000,sim-pump-01,vibration_x,-0.964567,g,GOOD,237
1700000000.238000,sim-pump-01,vibration_x,-0.697843,g,GOOD,238
1700000000.239000,sim-pump-01,vibration_x,-0.420959,g,GOOD,239
1700000000.240000,sim-pump-01,vibration_x,0.043491,g,GOOD,240
1700000000.241000,sim-pump-01,vibration_x,0.252734,g,GOOD,241
1700000000.242000,sim-pump-01,vibration_x,0.625116,g,GOOD,242
1700000000.243000,sim-pump-01,vibration_x,0.884032,g,GOOD,243
1700000000.244000,sim-pump-01,vibration_x,1.165988,g,GOOD,244
1700000000.245000,sim-pump-01,vibration_x,1.230317,g,GOOD,245
1700000000.246000,sim-pump-01,vibration_x,1.245899,g,GOOD,246
1700000000.247000,sim-pump-01,vibration_x,1.206781,g,GOOD,247
1700000000.248000,sim-pump-01,vibration_x,1.110814,g,GOOD,248
1700000000.249000,sim-pump-01,vibration_x,0.978601,g,GOOD,249
1700000000.250000,sim-pump-01,vibration_x,0.817807,g,GOOD,250
1700000000.251000,sim-pump-01,vibration_x,0.626706,g,GOOD,251
1700000000.252000,sim-pump-01,vibration_x,0.635204,g,GOOD,252
1700000000.253000,sim-pump-01,vibration_x,0.553541,g,GOOD,253
1700000000.254000,sim-pump-01,vibration_x,0.438426,g,GOOD,254
1700000000.255000,sim-pump-01,vibration_x,0.405072,g,GOOD,255
1700000000.256000,sim-pump-01,vibration_x,0.361418,g,GOOD,256
1700000000.257000,sim-pump-01,vibration_x,0.360376,g,GOOD,257
1700000000.258000,sim-pump-01,vibration_x,0.228828,g,GOOD,258
1700000000.259000,sim-pump-01,vibration_x,0.120440,g,GOOD,259
1700000000.260000,sim-pump-01,vibration_x,-0.037266,g,GOOD,260
1700000000.261000,sim-pump-01,vibration_x,-0.107658,g,GOOD,261
1700000000.262000,sim-pump-01,vibration_x,-0.107737,g,GOOD,262
1700000000.263000,sim-pump-01,vibration_x,-0.348385,g,GOOD,263
1700000000.264000,sim-pump-01,vibration_x,-0.403549,g,GOOD,264
1700000000.265000,sim-pump-01,vibration_x,-0.365258,g,GOOD,265
1700000000.266000,sim-pump-01,vibration_x,-0.478631,g,GOOD,266
1700000000.267000,sim-pump-01,vibration_x,-0.525020,g,GOOD,267
1700000000.268000,sim-pump-01,vibration_x,-0.586537,g,GOOD,268
1700000000.269000,sim-pump-01,vibration_x,-0.715886,g,GOOD,269
1700000000.270000,sim-pump-01,vibration_x,-0.848159,g,GOOD,270
1700000000.271000,sim-pump-01,vibration_x,-1.044416,g,GOOD,271
1700000000.272000,sim-pump-01,vibration_x,-1.013089,g,GOOD,272
1700000000.273000,sim-pump-01,vibration_x,-1.221121,g,GOOD,273
1700000000.274000,sim-pump-01,vibration_x,-1.230429,g,GOOD,274
1700000000.275000,sim-pump-01,vibration_x,-1.226360,g,GOOD,275
1700000000.276000,sim-pump-01,vibration_x,-1.028908,g,GOOD,276
1700000000.277000,sim-pump-01,vibration_x,-0.991809,g,GOOD,277
1700000000.278000,sim-pump-01,vibration_x,-0.591010,g,GOOD,278
1700000000.279000,sim-pump-01,vibration_x,-0.312509,g,GOOD,279
1700000000.280000,sim-pump-01,vibration_x,0.017258,g,GOOD,280
1700000000.281000,sim-pump-01,vibration_x,0.338325,g,GOOD,281
1700000000.282000,sim-pump-01,vibration_x,0.697463,g,GOOD,282
1700000000.283000,sim-pump-01,vibration_x,0.991043,g,GOOD,283
1700000000.284000,sim-pump-01,vibration_x,1.106414,g,GOOD,284
1700000000.285000,sim-pump-01,vibration_x,1.208167,g,GOOD,285
1700000000.286000,sim-pump-01,vibration_x,1.166501,g,GOOD,286
1700000000.287000,sim-pump-01,vibration_x,1.267926,g,GOOD,287
1700000000.288000,sim-pump-01,vibration_x,1.136967,g,GOOD,288
1700000000.289000,sim-pump-01,vibration_x,1.009010,g,GOOD,289
1700000000.290000,sim-pump-01,vibration_x,0.835141,g,GOOD,290
1700000000.291000,sim-pump-01,vibration_x,0.625308,g,GOOD,291
1700000000.292000,sim-pump-01,vibration_x,0.616740,g,GOOD,292
1700000000.293000,sim-pump-01,vibration_x,0.539239,g,GOOD,293
1700000000.294000,sim-pump-01,vibration_x,0.459993,g,GOOD,294
1700000000.295000,sim-pump-01,vibration_x,0.389534,g,GOOD,295
1700000000.296000,sim-pump-01,vibration_x,0.371839,g,GOOD,296
1700000000.297000,sim-pump-01,vibration_x,0.359138,g,GOOD,297
1700000000.298000,sim-pump-01,vibration_x,0.126398,g,GOOD,298
1700000000.299000,sim-pump-01,vibration_x,0.029573,g,GOOD,299
1700000000.300000,sim-pump-01,vibration_x,-0.074681,g,GOOD,300
1700000000.301000,sim-pump-01,vibration_x,-0.088338,g,GOOD,301
1700000000.302000,sim-pump-01,vibration_x,-0.183075,g,GOOD,302
1700000000.303000,sim-pump-01,vibration_x,-0.247680,g,GOOD,303
1700000000.304000,sim-pump-01,vibration_x,-0.353237,g,GOOD,304
1700000000.305000,sim-pump-01,vibration_x,-0.421841,g,GOOD,305
1700000000.306000,sim-pump-01,vibration_x,-0.482297,g,GOOD,306
1700000000.307000,sim-pump-01,vibration_x,-0.438869,g,GOOD,307
1700000000.308000,sim-pump-01,vibration_x,-0.575646,g,GOOD,308
1700000000.309000,sim-pump-01,vibration_x,-0.712766,g,GOOD,309
1700000000.310000,sim-pump-01,vibration_x,-0.860950,g,GOOD,310
1700000000.311000,sim-pump-01,vibration_x,-0.898696,g,GOOD,311
1700000000.312000,sim-pump-01,vibration_x,-1.149531,g,GOOD,312
1700000000.313000,sim-pump-01,vibration_x,-1.166465,g,GOOD,313
1700000000.314000,sim-pump-01,vibration_x,-1.237466,g,GOOD,314
1700000000.315000,sim-pump-01,vibration_x,-1.197044,g,GOOD,315
1700000000.316000,sim-pump-01,vibration_x,-1.156685,g,GOOD,316
1700000000.317000,sim-pump-01,vibration_x,-1.016131,g,GOOD,317
1700000000.318000,sim-pump-01,vibration_x,-0.635787,g,GOOD,318
1700000000.319000,sim-pump-01,vibration_x,-0.430680,g,GOOD,319
1700000000.320000,sim-pump-01,vibration_x,0.004828,g,GOOD,320
1700000000.321000,sim-pump-01,vibration_x,0.348416,g,GOOD,321
1700000000.322000,sim-pump-01,vibration_x,0.670266,g,GOOD,322
1700000000.323000,sim-pump-01,vibration_x,0.921356,g,GOOD,323
1700000000.324000,sim-pump-01,vibration_x,1.119713,g,GOOD,324
1700000000.325000,sim-pump-01,vibration_x,1.178782,g,GOOD,325
1700000000.326000,sim-pump-01,vibration_x,1.257553,g,GOOD,326
1700000000.327000,sim-pump-01,vibration_x,1.176749,g,GOOD,327
1700000000.328000,sim-pump-01,vibration_x,1.040201,g,GOOD,328
1700000000.329000,sim-pump-01,vibration_x,0.917940,g,GOOD,329
1700000000.330000,sim-pump-01,vibration_x,0.897031,g,GOOD,330
1700000000.331000,sim-pump-01,vibration_x,0.770469,g,GOOD,331
1700000000.332000,sim-pump-01,vibration_x,0.658309,g,GOOD,332
1700000000.333000,sim-pump-01,vibration_x,0.551202,g,GOOD,333
1700000000.334000,sim-pump-01,vibration_x,0.458202,g,GOOD,334
1700000000.335000,sim-pump-01,vibration_x,0.401412,g,GOOD,335
1700000000.336000,sim-pump-01,vibration_x,0.353405,g,GOOD,336
1700000000.337000,sim-pump-01,vibration_x,0.254820,g,GOOD,337
1700000000.338000,sim-pump-01,vibration_x,0.095991,g,GOOD,338
1700000000.339000,sim-pump-01,vibration_x,0.117264,g,GOOD,339
1700000000.340000,sim-pump-01,vibration_x,-0.026502,g,GOOD,340
1700000000.341000,sim-pump-01,vibration_x,-0.091407,g,GOOD,341
1700000000.342000,sim-pump-01,vibration_x,-0.165884,g,GOOD,342
1700000000.343000,sim-pump-01,vibration_x,-0.273445,g,GOOD,343
1700000000.344000,sim-pump-01,vibration_x,-0.377455,g,GOOD,344
1700000000.345000,sim-pump-01,vibration_x,-0.444016,g,GOOD,345
1700000000.346000,sim-pump-01,vibration_x,-0.426679,g,GOOD,346
1700000000.347000,sim-pump-01,vibration_x,-0.554824,g,GOOD,347
1700000000.348000,sim-pump-01,vibration_x,-0.653076,g,GOOD,348
1700000000.349000,sim-pump-01,vibration_x,-0.713417,g,GOOD,349
1700000000.350000,sim-pump-01,vibration_x,-0.884713,g,GOOD,350
1700000000.351000,sim-pump-01,vibration_x,-0.936145,g,GOOD,351
1700000000.352000,sim-pump-01,vibration_x,-1.147443,g,GOOD,352
1700000000.353000,sim-pump-01,vibration_x,-1.175667,g,GOOD,353
1700000000.354000,sim-pump-01,vibration_x,-1.320726,g,GOOD,354
1700000000.355000,sim-pump-01,vibration_x,-1.203066,g,GOOD,355
1700000000.356000,sim-pump-01,vibration_x,-1.107791,g,GOOD,356
1700000000.357000,sim-pump-01,vibration_x,-0.912509,g,GOOD,357
1700000000.358000,sim-pump-01,vibration_x,-0.757506,g,GOOD,358
1700000000.359000,sim-pump-01,vibration_x,-0.307995,g,GOOD,359
1700000000.360000,sim-pump-01,vibration_x,0.004361,g,GOOD,360
1700000000.361000,sim-pump-01,vibration_x,0.397583,g,GOOD,361
1700000000.362000,sim-pump-01,vibration_x,0.764349,g,GOOD,362
1700000000.363000,sim-pump-01,vibration_x,0.858183,g,GOOD,363
1700000000.364000,sim-pump-01,vibration_x,1.115840,g,GOOD,364
1700000000.365000,sim-pump-01,vibration_x,1.167120,g,GOOD,365
1700000000.366000,sim-pump-01,vibration_x,1.210996,g,GOOD,366
1700000000.367000,sim-pump-01,vibration_x,1.167140,g,GOOD,367
1700000000.368000,sim-pump-01,vibration_x,1.106745,g,GOOD,368
1700000000.369000,sim-pump-01,vibration_x,0.874183,g,GOOD,369
1700000000.370000,sim-pump-01,vibration_x,0.850690,g,GOOD,370
1700000000.371000,sim-pump-01,vibration_x,0.662320,g,GOOD,371
1700000000.372000,sim-pump-01,vibration_x,0.563778,g,GOOD,372
1700000000.373000,sim-pump-01,vibration_x,0.552602,g,GOOD,373
1700000000.374000,sim-pump-01,vibration_x,0.525982,g,GOOD,374
1700000000.375000,sim-pump-01,vibration_x,0.311588,g,GOOD,375
1700000000.376000,sim-pump-01,vibration_x,0.235893,g,GOOD,376
1700000000.377000,sim-pump-01,vibration_x,0.273859,g,GOOD,377
1700000000.378000,sim-pump-01,vibration_x,0.255001,g,GOOD,378
1700000000.379000,sim-pump-01,vibration_x,0.090645,g,GOOD,379
1700000000.380000,sim-pump-01,vibration_x,0.063239,g,GOOD,380
1700000000.381000,sim-pump-01,vibration_x,-0.166364,g,GOOD,381
1700000000.382000,sim-pump-01,vibration_x,-0.198718,g,GOOD,382
1700000000.383000,sim-pump-01,vibration_x,-0.362092,g,GOOD,383
1700000000.384000,sim-pump-01,vibration_x,-0.370853,g,GOOD,384
1700000000.385000,sim-pump-01,vibration_x,-0.389907,g,GOOD,385
1700000000.386000,sim-pump-01,vibration_x,-0.536184,g,GOOD,386
1700000000.387000,sim-pump-01,vibration_x,-0.610707,g,GOOD,387
1700000000.388000,sim-pump-01,vibration_x,-0.641459,g,GOOD,388
1700000000.389000,sim-pump-01,vibration_x,-0.703907,g,GOOD,389
1700000000.390000,sim-pump-01,vibration_x,-0.855129,g,GOOD,390
1700000000.391000,sim-pump-01,vibration_x,-0.970496,g,GOOD,391
1700000000.392000,sim-pump-01,vibration_x,-1.042628,g,GOOD,392
1700000000.393000,sim-pump-01,vibration_x,-1.134542,g,GOOD,393
1700000000.394000,sim-pump-01,vibration_x,-1.207102,g,GOOD,394
1700000000.395000,sim-pump-01,vibration_x,-1.194376,g,GOOD,395
1700000000.396000,sim-pump-01,vibration_x,-1.097039,g,GOOD,396
1700000000.397000,sim-pump-01,vibration_x,-0.908403,g,GOOD,397
1700000000.398000,sim-pump-01,vibration_x,-0.692762,g,GOOD,398
1700000000.399000,sim-pump-01,vibration_x,-0.389108,g,GOOD,399
1700000000.400000,sim-pump-01,vibration_x,-0.035197,g,GOOD,400
1700000000.401000,sim-pump-01,vibration_x,0.331621,g,GOOD,401
1700000000.402000,sim-pump-01,vibration_x,0.645319,g,GOOD,402
1700000000.403000,sim-pump-01,vibration_x,0.897258,g,GOOD,403
1700000000.404000,sim-pump-01,vibration_x,1.102525,g,GOOD,404
1700000000.405000,sim-pump-01,vibration_x,1.152883,g,GOOD,405
1700000000.406000,sim-pump-01,vibration_x,1.290021,g,GOOD,406
1700000000.407000,sim-pump-01,vibration_x,1.156419,g,GOOD,407
1700000000.408000,sim-pump-01,vibration_x,1.173777,g,GOOD,408
1700000000.409000,sim-pump-01,vibration_x,0.965783,g,GOOD,409
1700000000.410000,sim-pump-01,vibration_x,0.885749,g,GOOD,410
1700000000.411000,sim-pump-01,vibration_x,0.827407,g,GOOD,411
1700000000.412000,sim-pump-01,vibration_x,0.727181,g,GOOD,412
1700000000.413000,sim-pump-01,vibration_x,0.397324,g,GOOD,413
1700000000.414000,sim-pump-01,vibration_x,0.472881,g,GOOD,414
1700000000.415000,sim-pump-01,vibration_x,0.393714,g,GOOD,415
1700000000.416000,sim-pump-01,vibration_x,0.279733,g,GOOD,416
1700000000.417000,sim-pump-01,vibration_x,0.272582,g,GOOD,417
1700000000.418000,sim-pump-01,vibration_x,0.219161,g,GOOD,418
1700000000.419000,sim-pump-01,vibration_x,0.140005,g,GOOD,419
1700000000.420000,sim-pump-01,vibration_x,-0.064305,g,GOOD,420
1700000000.421000,sim-pump-01,vibration_x,-0.100828,g,GOOD,421
1700000000.422000,sim-pump-01,vibration_x,-0.146273,g,GOOD,422
1700000000.423000,sim-pump-01,vibration_x,-0.345192,g,GOOD,423
1700000000.424000,sim-pump-01,vibration_x,-0.419344,g,GOOD,424
1700000000.425000,sim-pump-01,vibration_x,-0.482448,g,GOOD,425
1700000000.426000,sim-pump-01,vibration_x,-0.410819,g,GOOD,426
1700000000.427000,sim-pump-01,vibration_x,-0.484812,g,GOOD,427
1700000000.428000,sim-pump-01,vibration_x,-0.619725,g,GOOD,428
1700000000.429000,sim-pump-01,vibration_x,-0.697224,g,GOOD,429
1700000000.430000,sim-pump-01,vibration_x,-0.867349,g,GOOD,430
1700000000.431000,sim-pump-01,vibration_x,-1.002977,g,GOOD,431
1700000000.432000,sim-pump-01,vibration_x,-1.161378,g,GOOD,432
1700000000.433000,sim-pump-01,vibration_x,-1.158076,g,GOOD,433
1700000000.434000,sim-pump-01,vibration_x,-1.235387,g,GOOD,434
1700000000.435000,sim-pump-01,vibration_x,-1.214570,g,GOOD,435
1700000000.436000,sim-pump-01,vibration_x,-1.141246,g,GOOD,436
1700000000.437000,sim-pump-01,vibration_x,-0.997651,g,GOOD,437
1700000000.438000,sim-pump-01,vibration_x,-0.587034,g,GOOD,438
1700000000.439000,sim-pump-01,vibration_x,-0.309278,g,GOOD,439
1700000000.440000,sim-pump-01,vibration_x,0.015487,g,GOOD,440
1700000000.441000,sim-pump-01,vibration_x,0.385151,g,GOOD,441
1700000000.442000,sim-pump-01,vibration_x,0.755548,g,GOOD,442
1700000000.443000,sim-pump-01,vibration_x,0.878176,g,GOOD,443
1700000000.444000,sim-pump-01,vibration_x,1.119922,g,GOOD,444
1700000000.445000,sim-pump-01,vibration_x,1.261910,g,GOOD,445
1700000000.446000,sim-pump-01,vibration_x,1.220643,g,GOOD,446
1700000000.447000,sim-pump-01,vibration_x,1.258228,g,GOOD,447
1700000000.448000,sim-pump-01,vibration_x,1.056025,g,GOOD,448
1700000000.449000,sim-pump-01,vibration_x,1.011796,g,GOOD,449
1700000000.450000,sim-pump-01,vibration_x,0.857410,g,GOOD,450
1700000000.451000,sim-pump-01,vibration_x,0.740007,g,GOOD,451
1700000000.452000,sim-pump-01,vibration_x,0.627528,g,GOOD,452
1700000000.453000,sim-pump-01,vibration_x,0.612956,g,GOOD,453
1700000000.454000,sim-pump-01,vibration_x,0.405617,g,GOOD,454
1700000000.455000,sim-pump-01,vibration_x,0.512827,g,GOOD,455
1700000000.456000,sim-pump-01,vibration_x,0.311193,g,GOOD,456
1700000000.457000,sim-pump-01,vibration_x,0.314982,g,GOOD,457
1700000000.458000,sim-pump-01,vibration_x,0.190874,g,GOOD,458
1700000000.459000,sim-pump-01,vibration_x,0.114973,g,GOOD,459
1700000000.460000,sim-pump-01,vibration_x,-0.013830,g,GOOD,460
1700000000.461000,sim-pump-01,vibration_x,-0.121962,g,GOOD,461
1700000000.462000,sim-pump-01,vibration_x,-0.154355,g,GOOD,462
1700000000.463000,sim-pump-01,vibration_x,-0.293274,g,GOOD,463
1700000000.464000,sim-pump-01,vibration_x,-0.343455,g,GOOD,464
1700000000.465000,sim-pump-01,vibration_x,-0.397715,g,GOOD,465
1700000000.466000,sim-pump-01,vibration_x,-0.417125,g,GOOD,466
1700000000.467000,sim-pump-01,vibration_x,-0.538713,g,GOOD,467
1700000000.468000,sim-pump-01,vibration_x,-0.687922,g,GOOD,468
1700000000.469000,sim-pump-01,vibration_x,-0.668621,g,GOOD,469
1700000000.470000,sim-pump-01,vibration_x,-0.869081,g,GOOD,470
1700000000.471000,sim-pump-01,vibration_x,-0.983529,g,GOOD,471
1700000000.472000,sim-pump-01,vibration_x,-1.177782,g,GOOD,472
1700000000.473000,sim-pump-01,vibration_x,-1.174692,g,GOOD,473
1700000000.474000,sim-pump-01,vibration_x,-1.204063,g,GOOD,474
1700000000.475000,sim-pump-01,vibration_x,-1.192083,g,GOOD,475
1700000000.476000,sim-pump-01,vibration_x,-1.063157,g,GOOD,476
1700000000.477000,sim-pump-01,vibration_x,-0.914994,g,GOOD,477
1700000000.478000,sim-pump-01,vibration_x,-0.737228,g,GOOD,478
1700000000.479000,sim-pump-01,vibration_x,-0.339031,g,GOOD,479
1700000000.480000,sim-pump-01,vibration_x,-0.001632,g,GOOD,480
1700000000.481000,sim-pump-01,vibration_x,0.363072,g,GOOD,481
1700000000.482000,sim-pump-01,vibration_x,0.626414,g,GOOD,482
1700000000.483000,sim-pump-01,vibration_x,0.909306,g,GOOD,483
1700000000.484000,sim-pump-01,vibration_x,1.095891,g,GOOD,484
1700000000.485000,sim-pump-01,vibration_x,1.149125,g,GOOD,485
1700000000.486000,sim-pump-01,vibration_x,1.217068,g,GOOD,486
1700000000.487000,sim-pump-01,vibration_x,1.198876,g,GOOD,487
1700000000.488000,sim-pump-01,vibration_x,1.230676,g,GOOD,488
1700000000.489000,sim-pump-01,vibration_x,0.930186,g,GOOD,489
1700000000.490000,sim-pump-01,vibration_x,0.909117,g,GOOD,490
1700000000.491000,sim-pump-01,vibration_x,0.582903,g,GOOD,491
1700000000.492000,sim-pump-01,vibration_x,0.655839,g,GOOD,492
1700000000.493000,sim-pump-01,vibration_x,0.630188,g,GOOD,493
1700000000.494000,sim-pump-01,vibration_x,0.476832,g,GOOD,494
1700000000.495000,sim-pump-01,vibration_x,0.346815,g,GOOD,495
1700000000.496000,sim-pump-01,vibration_x,0.422820,g,GOOD,496
1700000000.497000,sim-pump-01,vibration_x,0.279317,g,GOOD,497
1700000000.498000,sim-pump-01,vibration_x,0.201737,g,GOOD,498
1700000000.499000,sim-pump-01,vibration_x,0.115889,g,GOOD,499
1700000000.500000,sim-pump-01,vibration_x,0.061114,g,GOOD,500
1700000000.501000,sim-pump-01,vibration_x,-0.024085,g,GOOD,501
1700000000.502000,sim-pump-01,vibration_x,-0.158569,g,GOOD,502
1700000000.503000,sim-pump-01,vibration_x,-0.211930,g,GOOD,503
1700000000.504000,sim-pump-01,vibration_x,-0.241364,g,GOOD,504
1700000000.505000,sim-pump-01,vibration_x,-0.383572,g,GOOD,505
1700000000.506000,sim-pump-01,vibration_x,-0.483457,g,GOOD,506
1700000000.507000,sim-pump-01,vibration_x,-0.516242,g,GOOD,507
1700000000.508000,sim-pump-01,vibration_x,-0.667334,g,GOOD,508
1700000000.509000,sim-pump-01,vibration_x,-0.774925,g,GOOD,509
1700000000.510000,sim-pump-01,vibration_x,-0.839056,g,GOOD,510
1700000000.511000,sim-pump-01,vibration_x,-0.965127,g,GOOD,511
1700000000.512000,sim-pump-01,vibration_x,-1.164731,g,GOOD,512
1700000000.513000,sim-pump-01,vibration_x,-1.195767,g,GOOD,513
1700000000.514000,sim-pump-01,vibration_x,-1.184922,g,GOOD,514
1700000000.515000,sim-pump-01,vibration_x,-1.167870,g,GOOD,515
1700000000.516000,sim-pump-01,vibration_x,-1.102900,g,GOOD,516
1700000000.517000,sim-pump-01,vibration_x,-0.872220,g,GOOD,517
1700000000.518000,sim-pump-01,vibration_x,-0.639157,g,GOOD,518
1700000000.519000,sim-pump-01,vibration_x,-0.293490,g,GOOD,519
1700000000.520000,sim-pump-01,vibration_x,0.014611,g,GOOD,520
1700000000.521000,sim-pump-01,vibration_x,0.348592,g,GOOD,521
1700000000.522000,sim-pump-01,vibration_x,0.630326,g,GOOD,522
1700000000.523000,sim-pump-01,vibration_x,0.856402,g,GOOD,523
1700000000.524000,sim-pump-01,vibration_x,1.058441,g,GOOD,524
1700000000.525000,sim-pump-01,vibration_x,1.330835,g,GOOD,525
1700000000.526000,sim-pump-01,vibration_x,1.266108,g,GOOD,526
1700000000.527000,sim-pump-01,vibration_x,1.125963,g,GOOD,527
1700000000.528000,sim-pump-01,vibration_x,1.147305,g,GOOD,528
1700000000.529000,sim-pump-01,vibration_x,0.982104,g,GOOD,529
1700000000.530000,sim-pump-01,vibration_x,0.845097,g,GOOD,530
1700000000.531000,sim-pump-01,vibration_x,0.699163,g,GOOD,531
1700000000.532000,sim-pump-01,vibration_x,0.607176,g,GOOD,532
1700000000.533000,sim-pump-01,vibration_x,0.561968,g,GOOD,533
1700000000.534000,sim-pump-01,vibration_x,0.531903,g,GOOD,534
1700000000.535000,sim-pump-01,vibration_x,0.408605,g,GOOD,535
1700000000.536000,sim-pump-01,vibration_x,0.359922,g,GOOD,536
1700000000.537000,sim-pump-01,vibration_x,0.262614,g,GOOD,537
1700000000.538000,sim-pump-01,vibration_x,0.272654,g,GOOD,538
1700000000.539000,sim-pump-01,vibration_x,0.145259,g,GOOD,539
1700000000.540000,sim-pump-01,vibration_x,0.027876,g,GOOD,540
1700000000.541000,sim-pump-01,vibration_x,-0.061723,g,GOOD,541
1700000000.542000,sim-pump-01,vibration_x,-0.291131,g,GOOD,542
1700000000.543000,sim-pump-01,vibration_x,-0.279854,g,GOOD,543
1700000000.544000,sim-pump-01,vibration_x,-0.358821,g,GOOD,544
1700000000.545000,sim-pump-01,vibration_x,-0.446649,g,GOOD,545
1700000000.546000,sim-pump-01,vibration_x,-0.415210,g,GOOD,546
1700000000.547000,sim-pump-01,vibration_x,-0.521194,g,GOOD,547
1700000000.548000,sim-pump-01,vibration_x,-0.630315,g,GOOD,548
1700000000.549000,sim-pump-01,vibration_x,-0.727879,g,GOOD,549
1700000000.550000,sim-pump-01,vibration_x,-0.896330,g,GOOD,550
1700000000.551000,sim-pump-01,vibration_x,-0.955827,g,GOOD,551
1700000000.552000,sim-pump-01,vibration_x,-1.094939,g,GOOD,552
1700000000.553000,sim-pump-01,vibration_x,-1.172157,g,GOOD,553
1700000000.554000,sim-pump-01,vibration_x,-1.159179,g,GOOD,554
1700000000.555000,sim-pump-01,vibration_x,-1.263025,g,GOOD,555
1700000000.556000,sim-pump-01,vibration_x,-1.155777,g,GOOD,556
1700000000.557000,sim-pump-01,vibration_x,-0.838444,g,GOOD,557
1700000000.558000,sim-pump-01,vibration_x,-0.730557,g,GOOD,558
1700000000.559000,sim-pump-01,vibration_x,-0.364683,g,GOOD,559
1700000000.560000,sim-pump-01,vibration_x,-0.058417,g,GOOD,560
1700000000.561000,sim-pump-01,vibration_x,0.386748,g,GOOD,561
1700000000.562000,sim-pump-01,vibration_x,0.563553,g,GOOD,562
1700000000.563000,sim-pump-01,vibration_x,0.897461,g,GOOD,563
1700000000.564000,sim-pump-01,vibration_x,1.158272,g,GOOD,564
1700000000.565000,sim-pump-01,vibration_x,1.211685,g,GOOD,565
1700000000.566000,sim-pump-01,vibration_x,1.318236,g,GOOD,566
1700000000.567000,sim-pump-01,vibration_x,1.226818,g,GOOD,567
1700000000.568000,sim-pump-01,vibration_x,1.087770,g,GOOD,568
1700000000.569000,sim-pump-01,vibration_x,0.961117,g,GOOD,569
1700000000.570000,sim-pump-01,vibration_x,0.863887,g,GOOD,570
1700000000.571000,sim-pump-01,vibration_x,0.865651,g,GOOD,571
1700000000.572000,sim-pump-01,vibration_x,0.634694,g,GOOD,572
1700000000.573000,sim-pump-01,vibration_x,0.498071,g,GOOD,573
1700000000.574000,sim-pump-01,vibration_x,0.484340,g,GOOD,574
1700000000.575000,sim-pump-01,vibration_x,0.359399,g,GOOD,575
1700000000.576000,sim-pump-01,vibration_x,0.413967,g,GOOD,576
1700000000.577000,sim-pump-01,vibration_x,0.315513,g,GOOD,577
1700000000.578000,sim-pump-01,vibration_x,0.185620,g,GOOD,578
1700000000.579000,sim-pump-01,vibration_x,0.084448,g,GOOD,579
1700000000.580000,sim-pump-01,vibration_x,0.097987,g,GOOD,580
1700000000.581000,sim-pump-01,vibration_x,-0.123184,g,GOOD,581
1700000000.582000,sim-pump-01,vibration_x,-0.279016,g,GOOD,582
1700000000.583000,sim-pump-01,vibration_x,-0.323069,g,GOOD,583
1700000000.584000,sim-pump-01,vibration_x,-0.382272,g,GOOD,584
1700000000.585000,sim-pump-01,vibration_x,-0.437181,g,GOOD,585
1700000000.586000,sim-pump-01,vibration_x,-0.380795,g,GOOD,586
1700000000.587000,sim-pump-01,vibration_x,-0.538942,g,GOOD,587
1700000000.588000,sim-pump-01,vibration_x,-0.581822,g,GOOD,588
1700000000.589000,sim-pump-01,vibration_x,-0.733450,g,GOOD,589
1700000000.590000,sim-pump-01,vibration_x,-0.797751,g,GOOD,590
1700000000.591000,sim-pump-01,vibration_x,-0.938563,g,GOOD,591
1700000000.592000,sim-pump-01,vibration_x,-1.057338,g,GOOD,592
1700000000.593000,sim-pump-01,vibration_x,-1.135937,g,GOOD,593
1700000000.594000,sim-pump-01,vibration_x,-1.131890,g,GOOD,594
1700000000.595000,sim-pump-01,vibration_x,-1.203625,g,GOOD,595
1700000000.596000,sim-pump-01,vibration_x,-1.155433,g,GOOD,596
1700000000.597000,sim-pump-01,vibration_x,-0.863923,g,GOOD,597
1700000000.598000,sim-pump-01,vibration_x,-0.718579,g,GOOD,598
1700000000.599000,sim-pump-01,vibration_x,-0.358022,g,GOOD,599
1700000000.600000,sim-pump-01,vibration_x,-0.064591,g,GOOD,600
1700000000.601000,sim-pump-01,vibration_x,0.363378,g,GOOD,601
1700000000.602000,sim-pump-01,vibration_x,0.743396,g,GOOD,602
1700000000.603000,sim-pump-01,vibration_x,0.912054,g,GOOD,603
1700000000.604000,sim-pump-01,vibration_x,1.162740,g,GOOD,604
1700000000.605000,sim-pump-01,vibration_x,1.200799,g,GOOD,605
1700000000.606000,sim-pump-01,vibration_x,1.208866,g,GOOD,606
1700000000.607000,sim-pump-01,vibration_x,1.186397,g,GOOD,607
1700000000.608000,sim-pump-01,vibration_x,1.135720,g,GOOD,608
1700000000.609000,sim-pump-01,vibration_x,0.970199,g,GOOD,609
1700000000.610000,sim-pump-01,vibration_x,0.967422,g,GOOD,610
1700000000.611000,sim-pump-01,vibration_x,0.737915,g,GOOD,611
1700000000.612000,sim-pump-01,vibration_x,0.608252,g,GOOD,612
1700000000.613000,sim-pump-01,vibration_x,0.560991,g,GOOD,613
1700000000.614000,sim-pump-01,vibration_x,0.469350,g,GOOD,614
1700000000.615000,sim-pump-01,vibration_x,0.345220,g,GOOD,615
1700000000.616000,sim-pump-01,vibration_x,0.233368,g,GOOD,616
1700000000.617000,sim-pump-01,vibration_x,0.383361,g,GOOD,617
1700000000.618000,sim-pump-01,vibration_x,0.239122,g,GOOD,618
1700000000.619000,sim-pump-01,vibration_x,0.170329,g,GOOD,619
1700000000.620000,sim-pump-01,vibration_x,-0.022770,g,GOOD,620
1700000000.621000,sim-pump-01,vibration_x,-0.013170,g,GOOD,621
1700000000.622000,sim-pump-01,vibration_x,-0.152188,g,GOOD,622
1700000000.623000,sim-pump-01,vibration_x,-0.266471,g,GOOD,623
1700000000.624000,sim-pump-01,vibration_x,-0.382814,g,GOOD,624
1700000000.625000,sim-pump-01,vibration_x,-0.442845,g,GOOD,625
1700000000.626000,sim-pump-01,vibration_x,-0.467426,g,GOOD,626
1700000000.627000,sim-pump-01,vibration_x,-0.569865,g,GOOD,627
1700000000.628000,sim-pump-01,vibration_x,-0.675309,g,GOOD,628
1700000000.629000,sim-pump-01,vibration_x,-0.715862,g,GOOD,629
1700000000.630000,sim-pump-01,vibration_x,-0.828473,g,GOOD,630
1700000000.631000,sim-pump-01,vibration_x,-1.001183,g,GOOD,631
1700000000.632000,sim-pump-01,vibration_x,-1.081208,g,GOOD,632
1700000000.633000,sim-pump-01,vibration_x,-1.161690,g,GOOD,633
1700000000.634000,sim-pump-01,vibration_x,-1.265702,g,GOOD,634
1700000000.635000,sim-pump-01,vibration_x,-1.291073,g,GOOD,635
1700000000.636000,sim-pump-01,vibration_x,-1.189871,g,GOOD,636
1700000000.637000,sim-pump-01,vibration_x,-0.936682,g,GOOD,637
1700000000.638000,sim-pump-01,vibration_x,-0.662441,g,GOOD,638
1700000000.639000,sim-pump-01,vibration_x,-0.302889,g,GOOD,639
1700000000.640000,sim-pump-01,vibration_x,0.042876,g,GOOD,640
1700000000.641000,sim-pump-01,vibration_x,0.385665,g,GOOD,641
1700000000.642000,sim-pump-01,vibration_x,0.557831,g,GOOD,642
1700000000.643000,sim-pump-01,vibration_x,0.923018,g,GOOD,643
1700000000.644000,sim-pump-01,vibration_x,1.106998,g,GOOD,644
1700000000.645000,sim-pump-01,vibration_x,1.146041,g,GOOD,645
1700000000.646000,sim-pump-01,vibration_x,1.323058,g,GOOD,646
1700000000.647000,sim-pump-01,vibration_x,1.216204,g,GOOD,647
1700000000.648000,sim-pump-01,vibration_x,1.116086,g,GOOD,648
1700000000.649000,sim-pump-01,vibration_x,1.081462,g,GOOD,649
1700000000.650000,sim-pump-01,vibration_x,0.847529,g,GOOD,650
1700000000.651000,sim-pump-01,vibration_x,0.757906,g,GOOD,651
1700000000.652000,sim-pump-01,vibration_x,0.628413,g,GOOD,652
1700000000.653000,sim-pump-01,vibration_x,0.542356,g,GOOD,653
1700000000.654000,sim-pump-01,vibration_x,0.449899,g,GOOD,654
1700000000.655000,sim-pump-01,vibration_x,0.457713,g,GOOD,655
1700000000.656000,sim-pump-01,vibration_x,0.341772,g,GOOD,656
1700000000.657000,sim-pump-01,vibration_x,0.289886,g,GOOD,657
1700000000.658000,sim-pump-01,vibration_x,0.157925,g,GOOD,658
1700000000.659000,sim-pump-01,vibration_x,0.124714,g,GOOD,659
1700000000.660000,sim-pump-01,vibration_x,-0.044971,g,GOOD,660
1700000000.661000,sim-pump-01,vibration_x,-0.094595,g,GOOD,661
1700000000.662000,sim-pump-01,vibration_x,-0.203504,g,GOOD,662
1700000000.663000,sim-pump-01,vibration_x,-0.281986,g,GOOD,663
1700000000.664000,sim-pump-01,vibration_x,-0.409258,g,GOOD,664
1700000000.665000,sim-pump-01,vibration_x,-0.429141,g,GOOD,665
1700000000.666000,sim-pump-01,vibration_x,-0.466311,g,GOOD,666
1700000000.667000,sim-pump-01,vibration_x,-0.562392,g,GOOD,667
1700000000.668000,sim-pump-01,vibration_x,-0.684048,g,GOOD,668
1700000000.669000,sim-pump-01,vibration_x,-0.741544,g,GOOD,669
1700000000.670000,sim-pump-01,vibration_x,-0.891313,g,GOOD,670
1700000000.671000,sim-pump-01,vibration_x,-1.065347,g,GOOD,671
1700000000.672000,sim-pump-01,vibration_x,-1.087052,g,GOOD,672
1700000000.673000,sim-pump-01,vibration_x,-1.170405,g,GOOD,673
1700000000.674000,sim-pump-01,vibration_x,-1.203727,g,GOOD,674
1700000000.675000,sim-pump-01,vibration_x,-1.164576,g,GOOD,675
1700000000.676000,sim-pump-01,vibration_x,-1.189559,g,GOOD,676
1700000000.677000,sim-pump-01,vibration_x,-0.930225,g,GOOD,677
1700000000.678000,sim-pump-01,vibration_x,-0.707864,g,GOOD,678
1700000000.679000,sim-pump-01,vibration_x,-0.276297,g,GOOD,679
1700000000.680000,sim-pump-01,vibration_x,0.031826,g,GOOD,680
1700000000.681000,sim-pump-01,vibration_x,0.345571,g,GOOD,681
1700000000.682000,sim-pump-01,vibration_x,0.649998,g,GOOD,682
1700000000.683000,sim-pump-01,vibration_x,0.925795,g,GOOD,683
1700000000.684000,sim-pump-01,vibration_x,1.035282,g,GOOD,684
1700000000.685000,sim-pump-01,vibration_x,1.335145,g,GOOD,685
1700000000.686000,sim-pump-01,vibration_x,1.286537,g,GOOD,686
1700000000.687000,sim-pump-01,vibration_x,1.179559,g,GOOD,687
1700000000.688000,sim-pump-01,vibration_x,1.139434,g,GOOD,688
1700000000.689000,sim-pump-01,vibration_x,1.022571,g,GOOD,689
1700000000.690000,sim-pump-01,vibration_x,0.855670,g,GOOD,690
1700000000.691000,sim-pump-01,vibration_x,0.681855,g,GOOD,691
1700000000.692000,sim-pump-01,vibration_x,0.664939,g,GOOD,692
1700000000.693000,sim-pump-01,vibration_x,0.582421,g,GOOD,693
1700000000.694000,sim-pump-01,vibration_x,0.503973,g,GOOD,694
1700000000.695000,sim-pump-01,vibration_x,0.466891,g,GOOD,695
1700000000.696000,sim-pump-01,vibration_x,0.424185,g,GOOD,696
1700000000.697000,sim-pump-01,vibration_x,0.270951,g,GOOD,697
1700000000.698000,sim-pump-01,vibration_x,0.232162,g,GOOD,698
1700000000.699000,sim-pump-01,vibration_x,0.054447,g,GOOD,699
1700000000.700000,sim-pump-01,vibration_x,-0.069689,g,GOOD,700
1700000000.701000,sim-pump-01,vibration_x,-0.096231,g,GOOD,701
1700000000.702000,sim-pump-01,vibration_x,-0.181923,g,GOOD,702
1700000000.703000,sim-pump-01,vibration_x,-0.279074,g,GOOD,703
1700000000.704000,sim-pump-01,vibration_x,-0.423509,g,GOOD,704
1700000000.705000,sim-pump-01,vibration_x,-0.432354,g,GOOD,705
1700000000.706000,sim-pump-01,vibration_x,-0.439393,g,GOOD,706
1700000000.707000,sim-pump-01,vibration_x,-0.592479,g,GOOD,707
1700000000.708000,sim-pump-01,vibration_x,-0.534532,g,GOOD,708
1700000000.709000,sim-pump-01,vibration_x,-0.879839,g,GOOD,709
1700000000.710000,sim-pump-01,vibration_x,-0.979649,g,GOOD,710
1700000000.711000,sim-pump-01,vibration_x,-0.960608,g,GOOD,711
1700000000.712000,sim-pump-01,vibration_x,-1.083251,g,GOOD,712
1700000000.713000,sim-pump-01,vibration_x,-1.117521,g,GOOD,713
1700000000.714000,sim-pump-01,vibration_x,-1.214300,g,GOOD,714
1700000000.715000,sim-pump-01,vibration_x,-1.189253,g,GOOD,715
1700000000.716000,sim-pump-01,vibration_x,-1.120518,g,GOOD,716
1700000000.717000,sim-pump-01,vibration_x,-0.960009,g,GOOD,717
1700000000.718000,sim-pump-01,vibration_x,-0.711221,g,GOOD,718
1700000000.719000,sim-pump-01,vibration_x,-0.358307,g,GOOD,719
1700000000.720000,sim-pump-01,vibration_x,0.002263,g,GOOD,720
1700000000.721000,sim-pump-01,vibration_x,0.359856,g,GOOD,721
1700000000.722000,sim-pump-01,vibration_x,0.625587,g,GOOD,722
1700000000.723000,sim-pump-01,vibration_x,0.887420,g,GOOD,723
1700000000.724000,sim-pump-01,vibration_x,1.078590,g,GOOD,724
1700000000.725000,sim-pump-01,vibration_x,1.288553,g,GOOD,725
1700000000.726000,sim-pump-01,vibration_x,1.314070,g,GOOD,726
1700000000.727000,sim-pump-01,vibration_x,1.196315,g,GOOD,727
1700000000.728000,sim-pump-01,vibration_x,1.056289,g,GOOD,728
1700000000.729000,sim-pump-01,vibration_x,0.957919,g,GOOD,729
1700000000.730000,sim-pump-01,vibration_x,0.905460,g,GOOD,730
1700000000.731000,sim-pump-01,vibration_x,0.657766,g,GOOD,731
1700000000.732000,sim-pump-01,vibration_x,0.671649,g,GOOD,732
1700000000.733000,sim-pump-01,vibration_x,0.514410,g,GOOD,733
1700000000.734000,sim-pump-01,vibration_x,0.518091,g,GOOD,734
1700000000.735000,sim-pump-01,vibration_x,0.433463,g,GOOD,735
1700000000.736000,sim-pump-01,vibration_x,0.403097,g,GOOD,736
1700000000.737000,sim-pump-01,vibration_x,0.296019,g,GOOD,737
1700000000.738000,sim-pump-01,vibration_x,0.169402,g,GOOD,738
1700000000.739000,sim-pump-01,vibration_x,0.134357,g,GOOD,739
1700000000.740000,sim-pump-01,vibration_x,-0.057658,g,GOOD,740
1700000000.741000,sim-pump-01,vibration_x,-0.070012,g,GOOD,741
1700000000.742000,sim-pump-01,vibration_x,-0.198050,g,GOOD,742
1700000000.743000,sim-pump-01,vibration_x,-0.361368,g,GOOD,743
1700000000.744000,sim-pump-01,vibration_x,-0.368024,g,GOOD,744
1700000000.745000,sim-pump-01,vibration_x,-0.369820,g,GOOD,745
1700000000.746000,sim-pump-01,vibration_x,-0.504567,g,GOOD,746
1700000000.747000,sim-pump-01,vibration_x,-0.627221,g,GOOD,747
1700000000.748000,sim-pump-01,vibration_x,-0.578149,g,GOOD,748
1700000000.749000,sim-pump-01,vibration_x,-0.818182,g,GOOD,749
1700000000.750000,sim-pump-01,vibration_x,-0.868518,g,GOOD,750
1700000000.751000,sim-pump-01,vibration_x,-0.997746,g,GOOD,751
1700000000.752000,sim-pump-01,vibration_x,-1.144937,g,GOOD,752
1700000000.753000,sim-pump-01,vibration_x,-1.182062,g,GOOD,753
1700000000.754000,sim-pump-01,vibration_x,-1.297366,g,GOOD,754
1700000000.755000,sim-pump-01,vibration_x,-1.180134,g,GOOD,755
1700000000.756000,sim-pump-01,vibration_x,-1.182222,g,GOOD,756
1700000000.757000,sim-pump-01,vibration_x,-0.865380,g,GOOD,757
1700000000.758000,sim-pump-01,vibration_x,-0.748174,g,GOOD,758
1700000000.759000,sim-pump-01,vibration_x,-0.350206,g,GOOD,759
1700000000.760000,sim-pump-01,vibration_x,-0.070973,g,GOOD,760
1700000000.761000,sim-pump-01,vibration_x,0.353276,g,GOOD,761
1700000000.762000,sim-pump-01,vibration_x,0.702927,g,GOOD,762
1700000000.763000,sim-pump-01,vibration_x,1.011927,g,GOOD,763
1700000000.764000,sim-pump-01,vibration_x,1.065990,g,GOOD,764
1700000000.765000,sim-pump-01,vibration_x,1.281160,g,GOOD,765
1700000000.766000,sim-pump-01,vibration_x,1.294592,g,GOOD,766
1700000000.767000,sim-pump-01,vibration_x,1.214847,g,GOOD,767
1700000000.768000,sim-pump-01,vibration_x,1.084916,g,GOOD,768
1700000000.769000,sim-pump-01,vibration_x,0.893790,g,GOOD,769
1700000000.770000,sim-pump-01,vibration_x,0.852966,g,GOOD,770
1700000000.771000,sim-pump-01,vibration_x,0.704304,g,GOOD,771
1700000000.772000,sim-pump-01,vibration_x,0.684985,g,GOOD,772
1700000000.773000,sim-pump-01,vibration_x,0.517389,g,GOOD,773
1700000000.774000,sim-pump-01,vibration_x,0.509199,g,GOOD,774
1700000000.775000,sim-pump-01,vibration_x,0.400349,g,GOOD,775
1700000000.776000,sim-pump-01,vibration_x,0.270988,g,GOOD,776
1700000000.777000,sim-pump-01,vibration_x,0.277949,g,GOOD,777
1700000000.778000,sim-pump-01,vibration_x,0.206969,g,GOOD,778
1700000000.779000,sim-pump-01,vibration_x,0.164470,g,GOOD,779
1700000000.780000,sim-pump-01,vibration_x,0.023151,g,GOOD,780
1700000000.781000,sim-pump-01,vibration_x,-0.083889,g,GOOD,781
1700000000.782000,sim-pump-01,vibration_x,-0.145127,g,GOOD,782
1700000000.783000,sim-pump-01,vibration_x,-0.298090,g,GOOD,783
1700000000.784000,sim-pump-01,vibration_x,-0.319855,g,GOOD,784
1700000000.785000,sim-pump-01,vibration_x,-0.365891,g,GOOD,785
1700000000.786000,sim-pump-01,vibration_x,-0.499636,g,GOOD,786
1700000000.787000,sim-pump-01,vibration_x,-0.614080,g,GOOD,787
1700000000.788000,sim-pump-01,vibration_x,-0.661818,g,GOOD,788
1700000000.789000,sim-pump-01,vibration_x,-0.783666,g,GOOD,789
1700000000.790000,sim-pump-01,vibration_x,-0.858488,g,GOOD,790
1700000000.791000,sim-pump-01,vibration_x,-0.899424,g,GOOD,791
1700000000.792000,sim-pump-01,vibration_x,-1.041047,g,GOOD,792
1700000000.793000,sim-pump-01,vibration_x,-1.190979,g,GOOD,793
1700000000.794000,sim-pump-01,vibration_x,-1.145327,g,GOOD,794
1700000000.795000,sim-pump-01,vibration_x,-1.235143,g,GOOD,795
1700000000.796000,sim-pump-01,vibration_x,-1.078721,g,GOOD,796
1700000000.797000,sim-pump-01,vibration_x,-0.836048,g,GOOD,797
1700000000.798000,sim-pump-01,vibration_x,-0.680378,g,GOOD,798
1700000000.799000,sim-pump-01,vibration_x,-0.384302,g,GOOD,799
1700000000.800000,sim-pump-01,vibration_x,0.024518,g,GOOD,800
1700000000.801000,sim-pump-01,vibration_x,0.312200,g,GOOD,801
1700000000.802000,sim-pump-01,vibration_x,0.682064,g,GOOD,802
1700000000.803000,sim-pump-01,vibration_x,0.948524,g,GOOD,803
1700000000.804000,sim-pump-01,vibration_x,1.108995,g,GOOD,804
1700000000.805000,sim-pump-01,vibration_x,1.211774,g,GOOD,805
1700000000.806000,sim-pump-01,vibration_x,1.271466,g,GOOD,806
1700000000.807000,sim-pump-01,vibration_x,1.173974,g,GOOD,807
1700000000.808000,sim-pump-01,vibration_x,1.112036,g,GOOD,808
1700000000.809000,sim-pump-01,vibration_x,0.994233,g,GOOD,809
1700000000.810000,sim-pump-01,vibration_x,0.843015,g,GOOD,810
1700000000.811000,sim-pump-01,vibration_x,0.705455,g,GOOD,811
1700000000.812000,sim-pump-01,vibration_x,0.607741,g,GOOD,812
1700000000.813000,sim-pump-01,vibration_x,0.558716,g,GOOD,813
1700000000.814000,sim-pump-01,vibration_x,0.463038,g,GOOD,814
1700000000.815000,sim-pump-01,vibration_x,0.315019,g,GOOD,815
1700000000.816000,sim-pump-01,vibration_x,0.365424,g,GOOD,816
1700000000.817000,sim-pump-01,vibration_x,0.303770,g,GOOD,817
1700000000.818000,sim-pump-01,vibration_x,0.210999,g,GOOD,818
1700000000.819000,sim-pump-01,vibration_x,0.150239,g,GOOD,819
1700000000.820000,sim-pump-01,vibration_x,-0.015782,g,GOOD,820
1700000000.821000,sim-pump-01,vibration_x,-0.042994,g,GOOD,821
1700000000.822000,sim-pump-01,vibration_x,-0.171823,g,GOOD,822
1700000000.823000,sim-pump-01,vibration_x,-0.293171,g,GOOD,823
1700000000.824000,sim-pump-01,vibration_x,-0.362526,g,GOOD,824
1700000000.825000,sim-pump-01,vibration_x,-0.339605,g,GOOD,825
1700000000.826000,sim-pump-01,vibration_x,-0.447957,g,GOOD,826
1700000000.827000,sim-pump-01,vibration_x,-0.527064,g,GOOD,827
1700000000.828000,sim-pump-01,vibration_x,-0.607463,g,GOOD,828
1700000000.829000,sim-pump-01,vibration_x,-0.670771,g,GOOD,829
1700000000.830000,sim-pump-01,vibration_x,-0.928518,g,GOOD,830
1700000000.831000,sim-pump-01,vibration_x,-0.976832,g,GOOD,831
1700000000.832000,sim-pump-01,vibration_x,-0.986576,g,GOOD,832
1700000000.833000,sim-pump-01,vibration_x,-1.208169,g,GOOD,833
1700000000.834000,sim-pump-01,vibration_x,-1.209299,g,GOOD,834
1700000000.835000,sim-pump-01,vibration_x,-1.199345,g,GOOD,835
1700000000.836000,sim-pump-01,vibration_x,-1.042950,g,GOOD,836
1700000000.837000,sim-pump-01,vibration_x,-0.894426,g,GOOD,837
1700000000.838000,sim-pump-01,vibration_x,-0.750846,g,GOOD,838
1700000000.839000,sim-pump-01,vibration_x,-0.387796,g,GOOD,839
1700000000.840000,sim-pump-01,vibration_x,-0.092777,g,GOOD,840
1700000000.841000,sim-pump-01,vibration_x,0.354676,g,GOOD,841
1700000000.842000,sim-pump-01,vibration_x,0.681249,g,GOOD,842
1700000000.843000,sim-pump-01,vibration_x,0.989079,g,GOOD,843
1700000000.844000,sim-pump-01,vibration_x,1.038822,g,GOOD,844
1700000000.845000,sim-pump-01,vibration_x,1.222062,g,GOOD,845
1700000000.846000,sim-pump-01,vibration_x,1.275844,g,GOOD,846
1700000000.847000,sim-pump-01,vibration_x,1.088935,g,GOOD,847
1700000000.848000,sim-pump-01,vibration_x,1.171929,g,GOOD,848
1700000000.849000,sim-pump-01,vibration_x,0.924789,g,GOOD,849
1700000000.850000,sim-pump-01,vibration_x,0.866287,g,GOOD,850
1700000000.851000,sim-pump-01,vibration_x,0.710350,g,GOOD,851
1700000000.852000,sim-pump-01,vibration_x,0.622149,g,GOOD,852
1700000000.853000,sim-pump-01,vibration_x,0.564432,g,GOOD,853
1700000000.854000,sim-pump-01,vibration_x,0.429639,g,GOOD,854
1700000000.855000,sim-pump-01,vibration_x,0.311308,g,GOOD,855
1700000000.856000,sim-pump-01,vibration_x,0.335101,g,GOOD,856
1700000000.857000,sim-pump-01,vibration_x,0.299353,g,GOOD,857
1700000000.858000,sim-pump-01,vibration_x,0.204098,g,GOOD,858
1700000000.859000,sim-pump-01,vibration_x,0.069960,g,GOOD,859
1700000000.860000,sim-pump-01,vibration_x,-0.061595,g,GOOD,860
1700000000.861000,sim-pump-01,vibration_x,-0.104528,g,GOOD,861
1700000000.862000,sim-pump-01,vibration_x,-0.194714,g,GOOD,862
1700000000.863000,sim-pump-01,vibration_x,-0.302305,g,GOOD,863
1700000000.864000,sim-pump-01,vibration_x,-0.356364,g,GOOD,864
1700000000.865000,sim-pump-01,vibration_x,-0.399864,g,GOOD,865
1700000000.866000,sim-pump-01,vibration_x,-0.488536,g,GOOD,866
1700000000.867000,sim-pump-01,vibration_x,-0.641197,g,GOOD,867
1700000000.868000,sim-pump-01,vibration_x,-0.631808,g,GOOD,868
1700000000.869000,sim-pump-01,vibration_x,-0.753591,g,GOOD,869
1700000000.870000,sim-pump-01,vibration_x,-0.788763,g,GOOD,870
1700000000.871000,sim-pump-01,vibration_x,-0.931038,g,GOOD,871
1700000000.872000,sim-pump-01,vibration_x,-1.020847,g,GOOD,872
1700000000.873000,sim-pump-01,vibration_x,-1.139298,g,GOOD,873
1700000000.874000,sim-pump-01,vibration_x,-1.278734,g,GOOD,874
1700000000.875000,sim-pump-01,vibration_x,-1.184744,g,GOOD,875
1700000000.876000,sim-pump-01,vibration_x,-1.064872,g,GOOD,876
1700000000.877000,sim-pump-01,vibration_x,-0.902403,g,GOOD,877
1700000000.878000,sim-pump-01,vibration_x,-0.611523,g,GOOD,878
1700000000.879000,sim-pump-01,vibration_x,-0.287895,g,GOOD,879
1700000000.880000,sim-pump-01,vibration_x,-0.004863,g,GOOD,880
1700000000.881000,sim-pump-01,vibration_x,0.364582,g,GOOD,881
1700000000.882000,sim-pump-01,vibration_x,0.652275,g,GOOD,882
1700000000.883000,sim-pump-01,vibration_x,0.941530,g,GOOD,883
1700000000.884000,sim-pump-01,vibration_x,1.140071,g,GOOD,884
1700000000.885000,sim-pump-01,vibration_x,1.270398,g,GOOD,885
1700000000.886000,sim-pump-01,vibration_x,1.172718,g,GOOD,886
1700000000.887000,sim-pump-01,vibration_x,1.198250,g,GOOD,887
1700000000.888000,sim-pump-01,vibration_x,1.135506,g,GOOD,888
1700000000.889000,sim-pump-01,vibration_x,0.934199,g,GOOD,889
1700000000.890000,sim-pump-01,vibration_x,0.821568,g,GOOD,890
1700000000.891000,sim-pump-01,vibration_x,0.773664,g,GOOD,891
1700000000.892000,sim-pump-01,vibration_x,0.614091,g,GOOD,892
1700000000.893000,sim-pump-01,vibration_x,0.509840,g,GOOD,893
1700000000.894000,sim-pump-01,vibration_x,0.461368,g,GOOD,894
1700000000.895000,sim-pump-01,vibration_x,0.380039,g,GOOD,895
1700000000.896000,sim-pump-01,vibration_x,0.435382,g,GOOD,896
1700000000.897000,sim-pump-01,vibration_x,0.249501,g,GOOD,897
1700000000.898000,sim-pump-01,vibration_x,0.265877,g,GOOD,898
1700000000.899000,sim-pump-01,vibration_x,0.138901,g,GOOD,899
1700000000.900000,sim-pump-01,vibration_x,-0.025412,g,GOOD,900
1700000000.901000,sim-pump-01,vibration_x,-0.159547,g,GOOD,901
1700000000.902000,sim-pump-01,vibration_x,-0.222011,g,GOOD,902
1700000000.903000,sim-pump-01,vibration_x,-0.211088,g,GOOD,903
1700000000.904000,sim-pump-01,vibration_x,-0.273605,g,GOOD,904
1700000000.905000,sim-pump-01,vibration_x,-0.336886,g,GOOD,905
1700000000.906000,sim-pump-01,vibration_x,-0.530607,g,GOOD,906
1700000000.907000,sim-pump-01,vibration_x,-0.533801,g,GOOD,907
1700000000.908000,sim-pump-01,vibration_x,-0.671367,g,GOOD,908
1700000000.909000,sim-pump-01,vibration_x,-0.753786,g,GOOD,909
1700000000.910000,sim-pump-01,vibration_x,-0.805376,g,GOOD,910
1700000000.911000,sim-pump-01,vibration_x,-1.024595,g,GOOD,911
1700000000.912000,sim-pump-01,vibration_x,-1.045109,g,GOOD,912
1700000000.913000,sim-pump-01,vibration_x,-1.091619,g,GOOD,913
1700000000.914000,sim-pump-01,vibration_x,-1.160054,g,GOOD,914
1700000000.915000,sim-pump-01,vibration_x,-1.187653,g,GOOD,915
1700000000.916000,sim-pump-01,vibration_x,-1.158587,g,GOOD,916
1700000000.917000,sim-pump-01,vibration_x,-0.946358,g,GOOD,917
1700000000.918000,sim-pump-01,vibration_x,-0.608498,g,GOOD,918
1700000000.919000,sim-pump-01,vibration_x,-0.377321,g,GOOD,919
1700000000.920000,sim-pump-01,vibration_x,-0.037926,g,GOOD,920
1700000000.921000,sim-pump-01,vibration_x,0.361906,g,GOOD,921
1700000000.922000,sim-pump-01,vibration_x,0.822255,g,GOOD,922
1700000000.923000,sim-pump-01,vibration_x,0.977087,g,GOOD,923
1700000000.924000,sim-pump-01,vibration_x,1.124374,g,GOOD,924
1700000000.925000,sim-pump-01,vibration_x,1.252901,g,GOOD,925
1700000000.926000,sim-pump-01,vibration_x,1.278174,g,GOOD,926
1700000000.927000,sim-pump-01,vibration_x,1.229996,g,GOOD,927
1700000000.928000,sim-pump-01,vibration_x,1.090075,g,GOOD,928
1700000000.929000,sim-pump-01,vibration_x,1.036250,g,GOOD,929
1700000000.930000,sim-pump-01,vibration_x,0.850348,g,GOOD,930
1700000000.931000,sim-pump-01,vibration_x,0.729167,g,GOOD,931
1700000000.932000,sim-pump-01,vibration_x,0.726936,g,GOOD,932
1700000000.933000,sim-pump-01,vibration_x,0.546480,g,GOOD,933
1700000000.934000,sim-pump-01,vibration_x,0.495495,g,GOOD,934
1700000000.935000,sim-pump-01,vibration_x,0.429084,g,GOOD,935
1700000000.936000,sim-pump-01,vibration_x,0.379646,g,GOOD,936
1700000000.937000,sim-pump-01,vibration_x,0.348259,g,GOOD,937
1700000000.938000,sim-pump-01,vibration_x,0.213186,g,GOOD,938
1700000000.939000,sim-pump-01,vibration_x,0.112201,g,GOOD,939
1700000000.940000,sim-pump-01,vibration_x,-0.064727,g,GOOD,940
1700000000.941000,sim-pump-01,vibration_x,-0.163050,g,GOOD,941
1700000000.942000,sim-pump-01,vibration_x,-0.141751,g,GOOD,942
1700000000.943000,sim-pump-01,vibration_x,-0.305359,g,GOOD,943
1700000000.944000,sim-pump-01,vibration_x,-0.371972,g,GOOD,944
1700000000.945000,sim-pump-01,vibration_x,-0.367594,g,GOOD,945
1700000000.946000,sim-pump-01,vibration_x,-0.486092,g,GOOD,946
1700000000.947000,sim-pump-01,vibration_x,-0.628971,g,GOOD,947
1700000000.948000,sim-pump-01,vibration_x,-0.589477,g,GOOD,948
1700000000.949000,sim-pump-01,vibration_x,-0.681411,g,GOOD,949
1700000000.950000,sim-pump-01,vibration_x,-0.778395,g,GOOD,950
1700000000.951000,sim-pump-01,vibration_x,-0.911788,g,GOOD,951
1700000000.952000,sim-pump-01,vibration_x,-1.163920,g,GOOD,952
1700000000.953000,sim-pump-01,vibration_x,-1.188200,g,GOOD,953
1700000000.954000,sim-pump-01,vibration_x,-1.225979,g,GOOD,954
1700000000.955000,sim-pump-01,vibration_x,-1.195662,g,GOOD,955
1700000000.956000,sim-pump-01,vibration_x,-1.040210,g,GOOD,956
1700000000.957000,sim-pump-01,vibration_x,-0.845484,g,GOOD,957
1700000000.958000,sim-pump-01,vibration_x,-0.629477,g,GOOD,958
1700000000.959000,sim-pump-01,vibration_x,-0.356777,g,GOOD,959
1700000000.960000,sim-pump-01,vibration_x,0.013485,g,GOOD,960
1700000000.961000,sim-pump-01,vibration_x,0.275161,g,GOOD,961
1700000000.962000,sim-pump-01,vibration_x,0.666997,g,GOOD,962
1700000000.963000,sim-pump-01,vibration_x,0.903195,g,GOOD,963
1700000000.964000,sim-pump-01,vibration_x,1.077633,g,GOOD,964
1700000000.965000,sim-pump-01,vibration_x,1.201284,g,GOOD,965
1700000000.966000,sim-pump-01,vibration_x,1.299717,g,GOOD,966
1700000000.967000,sim-pump-01,vibration_x,1.267693,g,GOOD,967
1700000000.968000,sim-pump-01,vibration_x,1.153896,g,GOOD,968
1700000000.969000,sim-pump-01,vibration_x,0.951481,g,GOOD,969
1700000000.970000,sim-pump-01,vibration_x,0.856179,g,GOOD,970
1700000000.971000,sim-pump-01,vibration_x,0.669593,g,GOOD,971
1700000000.972000,sim-pump-01,vibration_x,0.587039,g,GOOD,972
1700000000.973000,sim-pump-01,vibration_x,0.518174,g,GOOD,973
1700000000.974000,sim-pump-01,vibration_x,0.601687,g,GOOD,974
1700000000.975000,sim-pump-01,vibration_x,0.411212,g,GOOD,975
1700000000.976000,sim-pump-01,vibration_x,0.390196,g,GOOD,976
1700000000.977000,sim-pump-01,vibration_x,0.250050,g,GOOD,977
1700000000.978000,sim-pump-01,vibration_x,0.161838,g,GOOD,978
1700000000.979000,sim-pump-01,vibration_x,0.117838,g,GOOD,979
1700000000.980000,sim-pump-01,vibration_x,-0.063693,g,GOOD,980
1700000000.981000,sim-pump-01,vibration_x,-0.145633,g,GOOD,981
1700000000.982000,sim-pump-01,vibration_x,-0.192315,g,GOOD,982
1700000000.983000,sim-pump-01,vibration_x,-0.175060,g,GOOD,983
1700000000.984000,sim-pump-01,vibration_x,-0.422654,g,GOOD,984
1700000000.985000,sim-pump-01,vibration_x,-0.404257,g,GOOD,985
1700000000.986000,sim-pump-01,vibration_x,-0.524815,g,GOOD,986
1700000000.987000,sim-pump-01,vibration_x,-0.566558,g,GOOD,987
1700000000.988000,sim-pump-01,vibration_x,-0.549910,g,GOOD,988
1700000000.989000,sim-pump-01,vibration_x,-0.746203,g,GOOD,989
1700000000.990000,sim-pump-01,vibration_x,-0.802441,g,GOOD,990
1700000000.991000,sim-pump-01,vibration_x,-0.950348,g,GOOD,991
1700000000.992000,sim-pump-01,vibration_x,-1.123960,g,GOOD,992
1700000000.993000,sim-pump-01,vibration_x,-1.284262,g,GOOD,993
1700000000.994000,sim-pump-01,vibration_x,-1.246788,g,GOOD,994
1700000000.995000,sim-pump-01,vibration_x,-1.196504,g,GOOD,995
1700000000.996000,sim-pump-01,vibration_x,-1.153853,g,GOOD,996
1700000000.997000,sim-pump-01,vibration_x,-1.023652,g,GOOD,997
1700000000.998000,sim-pump-01,vibration_x,-0.753317,g,GOOD,998
1700000000.999000,sim-pump-01,vibration_x,-0.367138,g,GOOD,999
1700000001.000000,sim-pump-01,vibration_x,-0.051959,g,GOOD,1000
1700000001.001000,sim-pump-01,vibration_x,0.390062,g,GOOD,1001
1700000001.002000,sim-pump-01,vibration_x,0.721302,g,GOOD,1002
1700000001.003000,sim-pump-01,vibration_x,0.881753,g,GOOD,1003
1700000001.004000,sim-pump-01,vibration_x,1.013114,g,GOOD,1004
1700000001.005000,sim-pump-01,vibration_x,1.279177,g,GOOD,1005
1700000001.006000,sim-pump-01,vibration_x,1.252209,g,GOOD,1006
1700000001.007000,sim-pump-01,vibration_x,1.202215,g,GOOD,1007
1700000001.008000,sim-pump-01,vibration_x,1.090885,g,GOOD,1008
1700000001.009000,sim-pump-01,vibration_x,0.872653,g,GOOD,1009
1700000001.010000,sim-pump-01,vibration_x,0.775365,g,GOOD,1010
1700000001.011000,sim-pump-01,vibration_x,0.767685,g,GOOD,1011
1700000001.012000,sim-pump-01,vibration_x,0.582193,g,GOOD,1012
1700000001.013000,sim-pump-01,vibration_x,0.405648,g,GOOD,1013
1700000001.014000,sim-pump-01,vibration_x,0.529355,g,GOOD,1014
1700000001.015000,sim-pump-01,vibration_x,0.411376,g,GOOD,1015
1700000001.016000,sim-pump-01,vibration_x,0.397818,g,GOOD,1016
1700000001.017000,sim-pump-01,vibration_x,0.276907,g,GOOD,1017
1700000001.018000,sim-pump-01,vibration_x,0.184339,g,GOOD,1018
1700000001.019000,sim-pump-01,vibration_x,0.063351,g,GOOD,1019
1700000001.020000,sim-pump-01,vibration_x,0.059346,g,GOOD,1020
1700000001.021000,sim-pump-01,vibration_x,-0.089077,g,GOOD,1021
1700000001.022000,sim-pump-01,vibration_x,-0.210737,g,GOOD,1022
1700000001.023000,sim-pump-01,vibration_x,-0.219359,g,GOOD,1023
1700000001.024000,sim-pump-01,vibration_x,-0.382129,g,GOOD,1024
1700000001.025000,sim-pump-01,vibration_x,-0.423413,g,GOOD,1025
1700000001.026000,sim-pump-01,vibration_x,-0.456000,g,GOOD,1026
1700000001.027000,sim-pump-01,vibration_x,-0.612082,g,GOOD,1027
1700000001.028000,sim-pump-01,vibration_x,-0.684248,g,GOOD,1028
1700000001.029000,sim-pump-01,vibration_x,-0.752532,g,GOOD,1029
1700000001.030000,sim-pump-01,vibration_x,-0.832712,g,GOOD,1030
1700000001.031000,sim-pump-01,vibration_x,-0.911390,g,GOOD,1031
1700000001.032000,sim-pump-01,vibration_x,-1.040615,g,GOOD,1032
1700000001.033000,sim-pump-01,vibration_x,-1.218245,g,GOOD,1033
1700000001.034000,sim-pump-01,vibration_x,-1.246760,g,GOOD,1034
1700000001.035000,sim-pump-01,vibration_x,-1.205354,g,GOOD,1035
1700000001.036000,sim-pump-01,vibration_x,-1.120038,g,GOOD,1036
1700000001.037000,sim-pump-01,vibration_x,-0.900012,g,GOOD,1037
1700000001.038000,sim-pump-01,vibration_x,-0.700985,g,GOOD,1038
1700000001.039000,sim-pump-01,vibration_x,-0.332611,g,GOOD,1039
1700000001.040000,sim-pump-01,vibration_x,-0.005886,g,GOOD,1040
1700000001.041000,sim-pump-01,vibration_x,0.255468,g,GOOD,1041
1700000001.042000,sim-pump-01,vibration_x,0.697255,g,GOOD,1042
1700000001.043000,sim-pump-01,vibration_x,0.897196,g,GOOD,1043
1700000001.044000,sim-pump-01,vibration_x,1.043495,g,GOOD,1044
1700000001.045000,sim-pump-01,vibration_x,1.262666,g,GOOD,1045
1700000001.046000,sim-pump-01,vibration_x,1.251258,g,GOOD,1046
1700000001.047000,sim-pump-01,vibration_x,1.271712,g,GOOD,1047
1700000001.048000,sim-pump-01,vibration_x,1.085066,g,GOOD,1048
1700000001.049000,sim-pump-01,vibration_x,1.010402,g,GOOD,1049
1700000001.050000,sim-pump-01,vibration_x,0.838721,g,GOOD,1050
1700000001.051000,sim-pump-01,vibration_x,0.710040,g,GOOD,1051
1700000001.052000,sim-pump-01,vibration_x,0.669215,g,GOOD,1052
1700000001.053000,sim-pump-01,vibration_x,0.517378,g,GOOD,1053
1700000001.054000,sim-pump-01,vibration_x,0.455771,g,GOOD,1054
1700000001.055000,sim-pump-01,vibration_x,0.430322,g,GOOD,1055
1700000001.056000,sim-pump-01,vibration_x,0.453965,g,GOOD,1056
1700000001.057000,sim-pump-01,vibration_x,0.272902,g,GOOD,1057
1700000001.058000,sim-pump-01,vibration_x,0.130934,g,GOOD,1058
1700000001.059000,sim-pump-01,vibration_x,0.071380,g,GOOD,1059
1700000001.060000,sim-pump-01,vibration_x,0.037100,g,GOOD,1060
1700000001.061000,sim-pump-01,vibration_x,-0.118207,g,GOOD,1061
1700000001.062000,sim-pump-01,vibration_x,-0.154953,g,GOOD,1062
1700000001.063000,sim-pump-01,vibration_x,-0.284211,g,GOOD,1063
1700000001.064000,sim-pump-01,vibration_x,-0.359304,g,GOOD,1064
1700000001.065000,sim-pump-01,vibration_x,-0.332484,g,GOOD,1065
1700000001.066000,sim-pump-01,vibration_x,-0.452552,g,GOOD,1066
1700000001.067000,sim-pump-01,vibration_x,-0.560274,g,GOOD,1067
1700000001.068000,sim-pump-01,vibration_x,-0.727304,g,GOOD,1068
1700000001.069000,sim-pump-01,vibration_x,-0.698955,g,GOOD,1069
1700000001.070000,sim-pump-01,vibration_x,-0.902111,g,GOOD,1070
1700000001.071000,sim-pump-01,vibration_x,-0.888972,g,GOOD,1071
1700000001.072000,sim-pump-01,vibration_x,-1.096725,g,GOOD,1072
1700000001.073000,sim-pump-01,vibration_x,-1.097290,g,GOOD,1073
1700000001.074000,sim-pump-01,vibration_x,-1.129194,g,GOOD,1074
1700000001.075000,sim-pump-01,vibration_x,-1.226256,g,GOOD,1075
1700000001.076000,sim-pump-01,vibration_x,-1.064562,g,GOOD,1076
1700000001.077000,sim-pump-01,vibration_x,-0.924682,g,GOOD,1077
1700000001.078000,sim-pump-01,vibration_x,-0.604925,g,GOOD,1078
1700000001.079000,sim-pump-01,vibration_x,-0.279803,g,GOOD,1079
1700000001.080000,sim-pump-01,vibration_x,-0.093876,g,GOOD,1080
1700000001.081000,sim-pump-01,vibration_x,0.344660,g,GOOD,1081
1700000001.082000,sim-pump-01,vibration_x,0.677505,g,GOOD,1082
1700000001.083000,sim-pump-01,vibration_x,0.937838,g,GOOD,1083
1700000001.084000,sim-pump-01,vibration_x,1.057548,g,GOOD,1084
1700000001.085000,sim-pump-01,vibration_x,1.179460,g,GOOD,1085
1700000001.086000,sim-pump-01,vibration_x,1.264545,g,GOOD,1086
1700000001.087000,sim-pump-01,vibration_x,1.200865,g,GOOD,1087
1700000001.088000,sim-pump-01,vibration_x,1.117784,g,GOOD,1088
1700000001.089000,sim-pump-01,vibration_x,1.010519,g,GOOD,1089
1700000001.090000,sim-pump-01,vibration_x,0.917819,g,GOOD,1090
1700000001.091000,sim-pump-01,vibration_x,0.835338,g,GOOD,1091
1700000001.092000,sim-pump-01,vibration_x,0.646496,g,GOOD,1092
1700000001.093000,sim-pump-01,vibration_x,0.583140,g,GOOD,1093
1700000001.094000,sim-pump-01,vibration_x,0.548712,g,GOOD,1094
1700000001.095000,sim-pump-01,vibration_x,0.366549,g,GOOD,1095
1700000001.096000,sim-pump-01,vibration_x,0.288850,g,GOOD,1096
1700000001.097000,sim-pump-01,vibration_x,0.313750,g,GOOD,1097
1700000001.098000,sim-pump-01,vibration_x,0.210966,g,GOOD,1098
1700000001.099000,sim-pump-01,vibration_x,0.084301,g,GOOD,1099
1700000001.100000,sim-pump-01,vibration_x,-0.005072,g,GOOD,1100
1700000001.101000,sim-pump-01,vibration_x,-0.082370,g,GOOD,1101
1700000001.102000,sim-pump-01,vibration_x,-0.194303,g,GOOD,1102
1700000001.103000,sim-pump-01,vibration_x,-0.337689,g,GOOD,1103
1700000001.104000,sim-pump-01,vibration_x,-0.442098,g,GOOD,1104
1700000001.105000,sim-pump-01,vibration_x,-0.424096,g,GOOD,1105
1700000001.106000,sim-pump-01,vibration_x,-0.483132,g,GOOD,1106
1700000001.107000,sim-pump-01,vibration_x,-0.559507,g,GOOD,1107
1700000001.108000,sim-pump-01,vibration_x,-0.679419,g,GOOD,1108
1700000001.109000,sim-pump-01,vibration_x,-0.766929,g,GOOD,1109
1700000001.110000,sim-pump-01,vibration_x,-0.904377,g,GOOD,1110
1700000001.111000,sim-pump-01,vibration_x,-1.047624,g,GOOD,1111
1700000001.112000,sim-pump-01,vibration_x,-1.063083,g,GOOD,1112
1700000001.113000,sim-pump-01,vibration_x,-1.201568,g,GOOD,1113
1700000001.114000,sim-pump-01,vibration_x,-1.268433,g,GOOD,1114
1700000001.115000,sim-pump-01,vibration_x,-1.326922,g,GOOD,1115
1700000001.116000,sim-pump-01,vibration_x,-1.073490,g,GOOD,1116
1700000001.117000,sim-pump-01,vibration_x,-0.866219,g,GOOD,1117
1700000001.118000,sim-pump-01,vibration_x,-0.653215,g,GOOD,1118
1700000001.119000,sim-pump-01,vibration_x,-0.321324,g,GOOD,1119
1700000001.120000,sim-pump-01,vibration_x,-0.019712,g,GOOD,1120
1700000001.121000,sim-pump-01,vibration_x,0.415844,g,GOOD,1121
1700000001.122000,sim-pump-01,vibration_x,0.687476,g,GOOD,1122
1700000001.123000,sim-pump-01,vibration_x,0.945951,g,GOOD,1123
1700000001.124000,sim-pump-01,vibration_x,1.140521,g,GOOD,1124
1700000001.125000,sim-pump-01,vibration_x,1.233417,g,GOOD,1125
1700000001.126000,sim-pump-01,vibration_x,1.273075,g,GOOD,1126
1700000001.127000,sim-pump-01,vibration_x,1.122444,g,GOOD,1127
1700000001.128000,sim-pump-01,vibration_x,1.077385,g,GOOD,1128
1700000001.129000,sim-pump-01,vibration_x,0.952026,g,GOOD,1129
1700000001.130000,sim-pump-01,vibration_x,0.774742,g,GOOD,1130
1700000001.131000,sim-pump-01,vibration_x,0.715016,g,GOOD,1131
1700000001.132000,sim-pump-01,vibration_x,0.653448,g,GOOD,1132
1700000001.133000,sim-pump-01,vibration_x,0.529576,g,GOOD,1133
1700000001.134000,sim-pump-01,vibration_x,0.568007,g,GOOD,1134
1700000001.135000,sim-pump-01,vibration_x,0.432629,g,GOOD,1135
1700000001.136000,sim-pump-01,vibration_x,0.367717,g,GOOD,1136
1700000001.137000,sim-pump-01,vibration_x,0.331151,g,GOOD,1137
1700000001.138000,sim-pump-01,vibration_x,0.236106,g,GOOD,1138
1700000001.139000,sim-pump-01,vibration_x,0.083479,g,GOOD,1139
1700000001.140000,sim-pump-01,vibration_x,0.042512,g,GOOD,1140
1700000001.141000,sim-pump-01,vibration_x,-0.106433,g,GOOD,1141
1700000001.142000,sim-pump-01,vibration_x,-0.220758,g,GOOD,1142
1700000001.143000,sim-pump-01,vibration_x,-0.208438,g,GOOD,1143
1700000001.144000,sim-pump-01,vibration_x,-0.386937,g,GOOD,1144
1700000001.145000,sim-pump-01,vibration_x,-0.434987,g,GOOD,1145
1700000001.146000,sim-pump-01,vibration_x,-0.471784,g,GOOD,1146
1700000001.147000,sim-pump-01,vibration_x,-0.596335,g,GOOD,1147
1700000001.148000,sim-pump-01,vibration_x,-0.624848,g,GOOD,1148
1700000001.149000,sim-pump-01,vibration_x,-0.794353,g,GOOD,1149
1700000001.150000,sim-pump-01,vibration_x,-0.853824,g,GOOD,1150
1700000001.151000,sim-pump-01,vibration_x,-0.961141,g,GOOD,1151
1700000001.152000,sim-pump-01,vibration_x,-1.189176,g,GOOD,1152
1700000001.153000,sim-pump-01,vibration_x,-1.216546,g,GOOD,1153
1700000001.154000,sim-pump-01,vibration_x,-1.243715,g,GOOD,1154
1700000001.155000,sim-pump-01,vibration_x,-1.391108,g,GOOD,1155
1700000001.156000,sim-pump-01,vibration_x,-1.046360,g,GOOD,1156
1700000001.157000,sim-pump-01,vibration_x,-0.983159,g,GOOD,1157
1700000001.158000,sim-pump-01,vibration_x,-0.691222,g,GOOD,1158
1700000001.159000,sim-pump-01,vibration_x,-0.387581,g,GOOD,1159
1700000001.160000,sim-pump-01,vibration_x,0.029647,g,GOOD,1160
1700000001.161000,sim-pump-01,vibration_x,0.288230,g,GOOD,1161
1700000001.162000,sim-pump-01,vibration_x,0.681185,g,GOOD,1162
1700000001.163000,sim-pump-01,vibration_x,0.925342,g,GOOD,1163
1700000001.164000,sim-pump-01,vibration_x,1.117889,g,GOOD,1164
1700000001.165000,sim-pump-01,vibration_x,1.233554,g,GOOD,1165
1700000001.166000,sim-pump-01,vibration_x,1.252372,g,GOOD,1166
1700000001.167000,sim-pump-01,vibration_x,1.236738,g,GOOD,1167
1700000001.168000,sim-pump-01,vibration_x,1.040378,g,GOOD,1168
1700000001.169000,sim-pump-01,vibration_x,1.040029,g,GOOD,1169
1700000001.170000,sim-pump-01,vibration_x,0.903820,g,GOOD,1170
1700000001.171000,sim-pump-01,vibration_x,0.673070,g,GOOD,1171
1700000001.172000,sim-pump-01,vibration_x,0.696397,g,GOOD,1172
1700000001.173000,sim-pump-01,vibration_x,0.570417,g,GOOD,1173
1700000001.174000,sim-pump-01,vibration_x,0.486294,g,GOOD,1174
1700000001.175000,sim-pump-01,vibration_x,0.442122,g,GOOD,1175
1700000001.176000,sim-pump-01,vibration_x,0.380300,g,GOOD,1176
1700000001.177000,sim-pump-01,vibration_x,0.385536,g,GOOD,1177
1700000001.178000,sim-pump-01,vibration_x,0.073320,g,GOOD,1178
1700000001.179000,sim-pump-01,vibration_x,0.147396,g,GOOD,1179
1700000001.180000,sim-pump-01,vibration_x,0.038954,g,GOOD,1180
1700000001.181000,sim-pump-01,vibration_x,-0.082929,g,GOOD,1181
1700000001.182000,sim-pump-01,vibration_x,-0.160574,g,GOOD,1182
1700000001.183000,sim-pump-01,vibration_x,-0.251550,g,GOOD,1183
1700000001.184000,sim-pump-01,vibration_x,-0.413584,g,GOOD,1184
1700000001.185000,sim-pump-01,vibration_x,-0.390149,g,GOOD,1185
1700000001.186000,sim-pump-01,vibration_x,-0.425137,g,GOOD,1186
1700000001.187000,sim-pump-01,vibration_x,-0.562892,g,GOOD,1187
1700000001.188000,sim-pump-01,vibration_x,-0.663792,g,GOOD,1188
1700000001.189000,sim-pump-01,vibration_x,-0.701401,g,GOOD,1189
1700000001.190000,sim-pump-01,vibration_x,-0.854199,g,GOOD,1190
1700000001.191000,sim-pump-01,vibration_x,-1.045056,g,GOOD,1191
1700000001.192000,sim-pump-01,vibration_x,-1.010282,g,GOOD,1192
1700000001.193000,sim-pump-01,vibration_x,-1.224646,g,GOOD,1193
1700000001.194000,sim-pump-01,vibration_x,-1.207740,g,GOOD,1194
1700000001.195000,sim-pump-01,vibration_x,-1.246815,g,GOOD,1195
1700000001.196000,sim-pump-01,vibration_x,-1.221781,g,GOOD,1196
1700000001.197000,sim-pump-01,vibration_x,-0.928344,g,GOOD,1197
1700000001.198000,sim-pump-01,vibration_x,-0.635280,g,GOOD,1198
1700000001.199000,sim-pump-01,vibration_x,-0.361507,g,GOOD,1199
1700000001.200000,sim-pump-01,vibration_x,-0.054174,g,GOOD,1200
1700000001.201000,sim-pump-01,vibration_x,0.342088,g,GOOD,1201
1700000001.202000,sim-pump-01,vibration_x,0.636116,g,GOOD,1202
1700000001.203000,sim-pump-01,vibration_x,0.873371,g,GOOD,1203
1700000001.204000,sim-pump-01,vibration_x,1.130411,g,GOOD,1204
1700000001.205000,sim-pump-01,vibration_x,1.150688,g,GOOD,1205
1700000001.206000,sim-pump-01,vibration_x,1.300741,g,GOOD,1206
1700000001.207000,sim-pump-01,vibration_x,1.164002,g,GOOD,1207
1700000001.208000,sim-pump-01,vibration_x,1.157389,g,GOOD,1208
1700000001.209000,sim-pump-01,vibration_x,0.992073,g,GOOD,1209
1700000001.210000,sim-pump-01,vibration_x,0.824680,g,GOOD,1210
1700000001.211000,sim-pump-01,vibration_x,0.759681,g,GOOD,1211
1700000001.212000,sim-pump-01,vibration_x,0.566768,g,GOOD,1212
1700000001.213000,sim-pump-01,vibration_x,0.602864,g,GOOD,1213
1700000001.214000,sim-pump-01,vibration_x,0.415666,g,GOOD,1214
1700000001.215000,sim-pump-01,vibration_x,0.398351,g,GOOD,1215
1700000001.216000,sim-pump-01,vibration_x,0.391779,g,GOOD,1216
1700000001.217000,sim-pump-01,vibration_x,0.339133,g,GOOD,1217
1700000001.218000,sim-pump-01,vibration_x,0.104300,g,GOOD,1218
1700000001.219000,sim-pump-01,vibration_x,0.078602,g,GOOD,1219
1700000001.220000,sim-pump-01,vibration_x,0.049443,g,GOOD,1220
1700000001.221000,sim-pump-01,vibration_x,-0.107852,g,GOOD,1221
1700000001.222000,sim-pump-01,vibration_x,-0.249643,g,GOOD,1222
1700000001.223000,sim-pump-01,vibration_x,-0.301881,g,GOOD,1223
1700000001.224000,sim-pump-01,vibration_x,-0.328694,g,GOOD,1224
1700000001.225000,sim-pump-01,vibration_x,-0.374864,g,GOOD,1225
1700000001.226000,sim-pump-01,vibration_x,-0.410745,g,GOOD,1226
1700000001.227000,sim-pump-01,vibration_x,-0.575271,g,GOOD,1227
1700000001.228000,sim-pump-01,vibration_x,-0.672368,g,GOOD,1228
1700000001.229000,sim-pump-01,vibration_x,-0.743602,g,GOOD,1229
1700000001.230000,sim-pump-01,vibration_x,-0.842236,g,GOOD,1230
1700000001.231000,sim-pump-01,vibration_x,-0.975524,g,GOOD,1231
1700000001.232000,sim-pump-01,vibration_x,-1.098648,g,GOOD,1232
1700000001.233000,sim-pump-01,vibration_x,-1.147516,g,GOOD,1233
1700000001.234000,sim-pump-01,vibration_x,-1.176183,g,GOOD,1234
1700000001.235000,sim-pump-01,vibration_x,-1.210871,g,GOOD,1235
1700000001.236000,sim-pump-01,vibration_x,-1.115855,g,GOOD,1236
1700000001.237000,sim-pump-01,vibration_x,-0.903737,g,GOOD,1237
1700000001.238000,sim-pump-01,vibration_x,-0.660316,g,GOOD,1238
1700000001.239000,sim-pump-01,vibration_x,-0.380548,g,GOOD,1239
1700000001.240000,sim-pump-01,vibration_x,-0.047437,g,GOOD,1240
1700000001.241000,sim-pump-01,vibration_x,0.357267,g,GOOD,1241
1700000001.242000,sim-pump-01,vibration_x,0.634461,g,GOOD,1242
1700000001.243000,sim-pump-01,vibration_x,0.873304,g,GOOD,1243
1700000001.244000,sim-pump-01,vibration_x,1.176185,g,GOOD,1244
1700000001.245000,sim-pump-01,vibration_x,1.223269,g,GOOD,1245
1700000001.246000,sim-pump-01,vibration_x,1.301577,g,GOOD,1246
1700000001.247000,sim-pump-01,vibration_x,1.217050,g,GOOD,1247
1700000001.248000,sim-pump-01,vibration_x,1.124714,g,GOOD,1248
1700000001.249000,sim-pump-01,vibration_x,0.959895,g,GOOD,1249
1700000001.250000,sim-pump-01,vibration_x,0.964537,g,GOOD,1250
1700000001.251000,sim-pump-01,vibration_x,0.778640,g,GOOD,1251
1700000001.252000,sim-pump-01,vibration_x,0.617199,g,GOOD,1252
1700000001.253000,sim-pump-01,vibration_x,0.632434,g,GOOD,1253
1700000001.254000,sim-pump-01,vibration_x,0.512321,g,GOOD,1254
1700000001.255000,sim-pump-01,vibration_x,0.448024,g,GOOD,1255
1700000001.256000,sim-pump-01,vibration_x,0.336632,g,GOOD,1256
1700000001.257000,sim-pump-01,vibration_x,0.252069,g,GOOD,1257
1700000001.258000,sim-pump-01,vibration_x,0.196035,g,GOOD,1258
1700000001.259000,sim-pump-01,vibration_x,0.020514,g,GOOD,1259
1700000001.260000,sim-pump-01,vibration_x,0.054626,g,GOOD,1260
1700000001.261000,sim-pump-01,vibration_x,-0.101753,g,GOOD,1261
1700000001.262000,sim-pump-01,vibration_x,-0.222236,g,GOOD,1262
1700000001.263000,sim-pump-01,vibration_x,-0.278643,g,GOOD,1263
1700000001.264000,sim-pump-01,vibration_x,-0.317270,g,GOOD,1264
1700000001.265000,sim-pump-01,vibration_x,-0.460110,g,GOOD,1265
1700000001.266000,sim-pump-01,vibration_x,-0.550704,g,GOOD,1266
1700000001.267000,sim-pump-01,vibration_x,-0.579552,g,GOOD,1267
1700000001.268000,sim-pump-01,vibration_x,-0.608442,g,GOOD,1268
1700000001.269000,sim-pump-01,vibration_x,-0.765711,g,GOOD,1269
1700000001.270000,sim-pump-01,vibration_x,-0.838371,g,GOOD,1270
1700000001.271000,sim-pump-01,vibration_x,-0.994002,g,GOOD,1271
1700000001.272000,sim-pump-01,vibration_x,-1.151516,g,GOOD,1272
1700000001.273000,sim-pump-01,vibration_x,-1.191402,g,GOOD,1273
1700000001.274000,sim-pump-01,vibration_x,-1.219390,g,GOOD,1274
1700000001.275000,sim-pump-01,vibration_x,-1.308525,g,GOOD,1275
1700000001.276000,sim-pump-01,vibration_x,-1.143286,g,GOOD,1276
1700000001.277000,sim-pump-01,vibration_x,-0.830764,g,GOOD,1277
1700000001.278000,sim-pump-01,vibration_x,-0.650689,g,GOOD,1278
1700000001.279000,sim-pump-01,vibration_x,-0.276794,g,GOOD,1279
1700000001.280000,sim-pump-01,vibration_x,-0.052195,g,GOOD,1280
1700000001.281000,sim-pump-01,vibration_x,0.323006,g,GOOD,1281
1700000001.282000,sim-pump-01,vibration_x,0.678082,g,GOOD,1282
1700000001.283000,sim-pump-01,vibration_x,0.922800,g,GOOD,1283
1700000001.284000,sim-pump-01,vibration_x,1.093221,g,GOOD,1284
1700000001.285000,sim-pump-01,vibration_x,1.241528,g,GOOD,1285
1700000001.286000,sim-pump-01,vibration_x,1.169431,g,GOOD,1286
1700000001.287000,sim-pump-01,vibration_x,1.288839,g,GOOD,1287
1700000001.288000,sim-pump-01,vibration_x,1.104362,g,GOOD,1288
1700000001.289000,sim-pump-01,vibration_x,0.867992,g,GOOD,1289
1700000001.290000,sim-pump-01,vibration_x,0.833279,g,GOOD,1290
1700000001.291000,sim-pump-01,vibration_x,0.767873,g,GOOD,1291
1700000001.292000,sim-pump-01,vibration_x,0.598191,g,GOOD,1292
1700000001.293000,sim-pump-01,vibration_x,0.586588,g,GOOD,1293
1700000001.294000,sim-pump-01,vibration_x,0.425284,g,GOOD,1294
1700000001.295000,sim-pump-01,vibration_x,0.540582,g,GOOD,1295
1700000001.296000,sim-pump-01,vibration_x,0.321887,g,GOOD,1296
1700000001.297000,sim-pump-01,vibration_x,0.260452,g,GOOD,1297
1700000001.298000,sim-pump-01,vibration_x,0.260070,g,GOOD,1298
1700000001.299000,sim-pump-01,vibration_x,0.097378,g,GOOD,1299
1700000001.300000,sim-pump-01,vibration_x,0.038240,g,GOOD,1300
1700000001.301000,sim-pump-01,vibration_x,-0.036536,g,GOOD,1301
1700000001.302000,sim-pump-01,vibration_x,-0.176822,g,GOOD,1302
1700000001.303000,sim-pump-01,vibration_x,-0.334460,g,GOOD,1303
1700000001.304000,sim-pump-01,vibration_x,-0.359995,g,GOOD,1304
1700000001.305000,sim-pump-01,vibration_x,-0.464604,g,GOOD,1305
1700000001.306000,sim-pump-01,vibration_x,-0.520984,g,GOOD,1306
1700000001.307000,sim-pump-01,vibration_x,-0.590716,g,GOOD,1307
1700000001.308000,sim-pump-01,vibration_x,-0.572829,g,GOOD,1308
1700000001.309000,sim-pump-01,vibration_x,-0.677268,g,GOOD,1309
1700000001.310000,sim-pump-01,vibration_x,-0.867404,g,GOOD,1310
1700000001.311000,sim-pump-01,vibration_x,-1.026241,g,GOOD,1311
1700000001.312000,sim-pump-01,vibration_x,-1.090314,g,GOOD,1312
1700000001.313000,sim-pump-01,vibration_x,-1.187181,g,GOOD,1313
1700000001.314000,sim-pump-01,vibration_x,-1.273202,g,GOOD,1314
1700000001.315000,sim-pump-01,vibration_x,-1.182164,g,GOOD,1315
1700000001.316000,sim-pump-01,vibration_x,-1.100658,g,GOOD,1316
1700000001.317000,sim-pump-01,vibration_x,-0.873749,g,GOOD,1317
1700000001.318000,sim-pump-01,vibration_x,-0.702221,g,GOOD,1318
1700000001.319000,sim-pump-01,vibration_x,-0.358276,g,GOOD,1319
1700000001.320000,sim-pump-01,vibration_x,0.003082,g,GOOD,1320
1700000001.321000,sim-pump-01,vibration_x,0.312824,g,GOOD,1321
1700000001.322000,sim-pump-01,vibration_x,0.649061,g,GOOD,1322
1700000001.323000,sim-pump-01,vibration_x,0.894191,g,GOOD,1323
1700000001.324000,sim-pump-01,vibration_x,1.058380,g,GOOD,1324
1700000001.325000,sim-pump-01,vibration_x,1.273522,g,GOOD,1325
1700000001.326000,sim-pump-01,vibration_x,1.189798,g,GOOD,1326
1700000001.327000,sim-pump-01,vibration_x,1.239858,g,GOOD,1327
1700000001.328000,sim-pump-01,vibration_x,1.126976,g,GOOD,1328
1700000001.329000,sim-pump-01,vibration_x,0.908273,g,GOOD,1329
1700000001.330000,sim-pump-01,vibration_x,0.863788,g,GOOD,1330
1700000001.331000,sim-pump-01,vibration_x,0.733447,g,GOOD,1331
1700000001.332000,sim-pump-01,vibration_x,0.613047,g,GOOD,1332
1700000001.333000,sim-pump-01,vibration_x,0.568807,g,GOOD,1333
1700000001.334000,sim-pump-01,vibration_x,0.524721,g,GOOD,1334
1700000001.335000,sim-pump-01,vibration_x,0.421843,g,GOOD,1335
1700000001.336000,sim-pump-01,vibration_x,0.283819,g,GOOD,1336
1700000001.337000,sim-pump-01,vibration_x,0.307627,g,GOOD,1337
1700000001.338000,sim-pump-01,vibration_x,0.192293,g,GOOD,1338
1700000001.339000,sim-pump-01,vibration_x,0.150864,g,GOOD,1339
1700000001.340000,sim-pump-01,vibration_x,0.027920,g,GOOD,1340
1700000001.341000,sim-pump-01,vibration_x,-0.126676,g,GOOD,1341
1700000001.342000,sim-pump-01,vibration_x,-0.143418,g,GOOD,1342
1700000001.343000,sim-pump-01,vibration_x,-0.256287,g,GOOD,1343
1700000001.344000,sim-pump-01,vibration_x,-0.391049,g,GOOD,1344
1700000001.345000,sim-pump-01,vibration_x,-0.416813,g,GOOD,1345
1700000001.346000,sim-pump-01,vibration_x,-0.472031,g,GOOD,1346
1700000001.347000,sim-pump-01,vibration_x,-0.519179,g,GOOD,1347
1700000001.348000,sim-pump-01,vibration_x,-0.677884,g,GOOD,1348
1700000001.349000,sim-pump-01,vibration_x,-0.832662,g,GOOD,1349
1700000001.350000,sim-pump-01,vibration_x,-0.864720,g,GOOD,1350
1700000001.351000,sim-pump-01,vibration_x,-0.973967,g,GOOD,1351
1700000001.352000,sim-pump-01,vibration_x,-1.130099,g,GOOD,1352
1700000001.353000,sim-pump-01,vibration_x,-1.101070,g,GOOD,1353
1700000001.354000,sim-pump-01,vibration_x,-1.238574,g,GOOD,1354
1700000001.355000,sim-pump-01,vibration_x,-1.221442,g,GOOD,1355
1700000001.356000,sim-pump-01,vibration_x,-1.056955,g,GOOD,1356
1700000001.357000,sim-pump-01,vibration_x,-0.896257,g,GOOD,1357
1700000001.358000,sim-pump-01,vibration_x,-0.721375,g,GOOD,1358
1700000001.359000,sim-pump-01,vibration_x,-0.372539,g,GOOD,1359
1700000001.360000,sim-pump-01,vibration_x,-0.002991,g,GOOD,1360
1700000001.361000,sim-pump-01,vibration_x,0.394471,g,GOOD,1361
1700000001.362000,sim-pump-01,vibration_x,0.596516,g,GOOD,1362
1700000001.363000,sim-pump-01,vibration_x,0.836398,g,GOOD,1363
1700000001.364000,sim-pump-01,vibration_x,1.143724,g,GOOD,1364
1700000001.365000,sim-pump-01,vibration_x,1.193402,g,GOOD,1365
1700000001.366000,sim-pump-01,vibration_x,1.282731,g,GOOD,1366
1700000001.367000,sim-pump-01,vibration_x,1.266885,g,GOOD,1367
1700000001.368000,sim-pump-01,vibration_x,1.037593,g,GOOD,1368
1700000001.369000,sim-pump-01,vibration_x,0.889405,g,GOOD,1369
1700000001.370000,sim-pump-01,vibration_x,0.809610,g,GOOD,1370
1700000001.371000,sim-pump-01,vibration_x,0.657871,g,GOOD,1371
1700000001.372000,sim-pump-01,vibration_x,0.562688,g,GOOD,1372
1700000001.373000,sim-pump-01,vibration_x,0.525469,g,GOOD,1373
1700000001.374000,sim-pump-01,vibration_x,0.452448,g,GOOD,1374
1700000001.375000,sim-pump-01,vibration_x,0.389272,g,GOOD,1375
1700000001.376000,sim-pump-01,vibration_x,0.418399,g,GOOD,1376
1700000001.377000,sim-pump-01,vibration_x,0.389992,g,GOOD,1377
1700000001.378000,sim-pump-01,vibration_x,0.218673,g,GOOD,1378
1700000001.379000,sim-pump-01,vibration_x,0.143073,g,GOOD,1379
1700000001.380000,sim-pump-01,vibration_x,-0.025759,g,GOOD,1380
1700000001.381000,sim-pump-01,vibration_x,-0.046551,g,GOOD,1381
1700000001.382000,sim-pump-01,vibration_x,-0.160884,g,GOOD,1382
1700000001.383000,sim-pump-01,vibration_x,-0.248709,g,GOOD,1383
1700000001.384000,sim-pump-01,vibration_x,-0.355080,g,GOOD,1384
1700000001.385000,sim-pump-01,vibration_x,-0.418520,g,GOOD,1385
1700000001.386000,sim-pump-01,vibration_x,-0.485483,g,GOOD,1386
1700000001.387000,sim-pump-01,vibration_x,-0.511972,g,GOOD,1387
1700000001.388000,sim-pump-01,vibration_x,-0.706156,g,GOOD,1388
1700000001.389000,sim-pump-01,vibration_x,-0.724788,g,GOOD,1389
1700000001.390000,sim-pump-01,vibration_x,-0.850415,g,GOOD,1390
1700000001.391000,sim-pump-01,vibration_x,-0.982082,g,GOOD,1391
1700000001.392000,sim-pump-01,vibration_x,-1.121700,g,GOOD,1392
1700000001.393000,sim-pump-01,vibration_x,-1.158736,g,GOOD,1393
1700000001.394000,sim-pump-01,vibration_x,-1.278469,g,GOOD,1394
1700000001.395000,sim-pump-01,vibration_x,-1.242875,g,GOOD,1395
1700000001.396000,sim-pump-01,vibration_x,-1.073870,g,GOOD,1396
1700000001.397000,sim-pump-01,vibration_x,-1.009545,g,GOOD,1397
1700000001.398000,sim-pump-01,vibration_x,-0.655409,g,GOOD,1398
1700000001.399000,sim-pump-01,vibration_x,-0.268640,g,GOOD,1399
1700000001.400000,sim-pump-01,vibration_x,-0.018036,g,GOOD,1400
1700000001.401000,sim-pump-01,vibration_x,0.297107,g,GOOD,1401
1700000001.402000,sim-pump-01,vibration_x,0.686158,g,GOOD,1402
1700000001.403000,sim-pump-01,vibration_x,0.982137,g,GOOD,1403
1700000001.404000,sim-pump-01,vibration_x,1.086504,g,GOOD,1404
1700000001.405000,sim-pump-01,vibration_x,1.240909,g,GOOD,1405
1700000001.406000,sim-pump-01,vibration_x,1.235561,g,GOOD,1406
1700000001.407000,sim-pump-01,vibration_x,1.181878,g,GOOD,1407
1700000001.408000,sim-pump-01,vibration_x,1.106597,g,GOOD,1408
1700000001.409000,sim-pump-01,vibration_x,0.958523,g,GOOD,1409
1700000001.410000,sim-pump-01,vibration_x,0.772848,g,GOOD,1410
1700000001.411000,sim-pump-01,vibration_x,0.870235,g,GOOD,1411
1700000001.412000,sim-pump-01,vibration_x,0.553741,g,GOOD,1412
1700000001.413000,sim-pump-01,vibration_x,0.509837,g,GOOD,1413
1700000001.414000,sim-pump-01,vibration_x,0.452010,g,GOOD,1414
1700000001.415000,sim-pump-01,vibration_x,0.442180,g,GOOD,1415
1700000001.416000,sim-pump-01,vibration_x,0.369353,g,GOOD,1416
1700000001.417000,sim-pump-01,vibration_x,0.347744,g,GOOD,1417
1700000001.418000,sim-pump-01,vibration_x,0.262928,g,GOOD,1418
1700000001.419000,sim-pump-01,vibration_x,0.089766,g,GOOD,1419
1700000001.420000,sim-pump-01,vibration_x,0.045811,g,GOOD,1420
1700000001.421000,sim-pump-01,vibration_x,-0.049114,g,GOOD,1421
1700000001.422000,sim-pump-01,vibration_x,-0.210013,g,GOOD,1422
1700000001.423000,sim-pump-01,vibration_x,-0.285314,g,GOOD,1423
1700000001.424000,sim-pump-01,vibration_x,-0.322087,g,GOOD,1424
1700000001.425000,sim-pump-01,vibration_x,-0.406092,g,GOOD,1425
1700000001.426000,sim-pump-01,vibration_x,-0.480452,g,GOOD,1426
1700000001.427000,sim-pump-01,vibration_x,-0.506401,g,GOOD,1427
1700000001.428000,sim-pump-01,vibration_x,-0.661591,g,GOOD,1428
1700000001.429000,sim-pump-01,vibration_x,-0.710353,g,GOOD,1429
1700000001.430000,sim-pump-01,vibration_x,-0.928521,g,GOOD,1430
1700000001.431000,sim-pump-01,vibration_x,-0.916284,g,GOOD,1431
1700000001.432000,sim-pump-01,vibration_x,-1.123075,g,GOOD,1432
1700000001.433000,sim-pump-01,vibration_x,-1.147973,g,GOOD,1433
1700000001.434000,sim-pump-01,vibration_x,-1.246742,g,GOOD,1434
1700000001.435000,sim-pump-01,vibration_x,-1.277576,g,GOOD,1435
1700000001.436000,sim-pump-01,vibration_x,-1.192901,g,GOOD,1436
1700000001.437000,sim-pump-01,vibration_x,-0.947807,g,GOOD,1437
1700000001.438000,sim-pump-01,vibration_x,-0.650759,g,GOOD,1438
1700000001.439000,sim-pump-01,vibration_x,-0.332118,g,GOOD,1439
1700000001.440000,sim-pump-01,vibration_x,0.019831,g,GOOD,1440
1700000001.441000,sim-pump-01,vibration_x,0.376527,g,GOOD,1441
1700000001.442000,sim-pump-01,vibration_x,0.724483,g,GOOD,1442
1700000001.443000,sim-pump-01,vibration_x,0.922064,g,GOOD,1443
1700000001.444000,sim-pump-01,vibration_x,1.140386,g,GOOD,1444
1700000001.445000,sim-pump-01,vibration_x,1.271957,g,GOOD,1445
1700000001.446000,sim-pump-01,vibration_x,1.292954,g,GOOD,1446
1700000001.447000,sim-pump-01,vibration_x,1.176322,g,GOOD,1447
1700000001.448000,sim-pump-01,vibration_x,1.081074,g,GOOD,1448
1700000001.449000,sim-pump-01,vibration_x,0.904666,g,GOOD,1449
1700000001.450000,sim-pump-01,vibration_x,0.877102,g,GOOD,1450
1700000001.451000,sim-pump-01,vibration_x,0.664407,g,GOOD,1451
1700000001.452000,sim-pump-01,vibration_x,0.709324,g,GOOD,1452
1700000001.453000,sim-pump-01,vibration_x,0.512285,g,GOOD,1453
1700000001.454000,sim-pump-01,vibration_x,0.502313,g,GOOD,1454
1700000001.455000,sim-pump-01,vibration_x,0.386237,g,GOOD,1455
1700000001.456000,sim-pump-01,vibration_x,0.436632,g,GOOD,1456
1700000001.457000,sim-pump-01,vibration_x,0.282915,g,GOOD,1457
1700000001.458000,sim-pump-01,vibration_x,0.245304,g,GOOD,1458
1700000001.459000,sim-pump-01,vibration_x,0.180013,g,GOOD,1459
1700000001.460000,sim-pump-01,vibration_x,0.007119,g,GOOD,1460
1700000001.461000,sim-pump-01,vibration_x,-0.120284,g,GOOD,1461
1700000001.462000,sim-pump-01,vibration_x,-0.209407,g,GOOD,1462
1700000001.463000,sim-pump-01,vibration_x,-0.177705,g,GOOD,1463
1700000001.464000,sim-pump-01,vibration_x,-0.442510,g,GOOD,1464
1700000001.465000,sim-pump-01,vibration_x,-0.345050,g,GOOD,1465
1700000001.466000,sim-pump-01,vibration_x,-0.441555,g,GOOD,1466
1700000001.467000,sim-pump-01,vibration_x,-0.515245,g,GOOD,1467
1700000001.468000,sim-pump-01,vibration_x,-0.603545,g,GOOD,1468
1700000001.469000,sim-pump-01,vibration_x,-0.750624,g,GOOD,1469
1700000001.470000,sim-pump-01,vibration_x,-0.823868,g,GOOD,1470
1700000001.471000,sim-pump-01,vibration_x,-0.985093,g,GOOD,1471
1700000001.472000,sim-pump-01,vibration_x,-1.140717,g,GOOD,1472
1700000001.473000,sim-pump-01,vibration_x,-1.163599,g,GOOD,1473
1700000001.474000,sim-pump-01,vibration_x,-1.239832,g,GOOD,1474
1700000001.475000,sim-pump-01,vibration_x,-1.254981,g,GOOD,1475
1700000001.476000,sim-pump-01,vibration_x,-1.172206,g,GOOD,1476
1700000001.477000,sim-pump-01,vibration_x,-0.979583,g,GOOD,1477
1700000001.478000,sim-pump-01,vibration_x,-0.631232,g,GOOD,1478
1700000001.479000,sim-pump-01,vibration_x,-0.431605,g,GOOD,1479
1700000001.480000,sim-pump-01,vibration_x,-0.092855,g,GOOD,1480
1700000001.481000,sim-pump-01,vibration_x,0.364348,g,GOOD,1481
1700000001.482000,sim-pump-01,vibration_x,0.681202,g,GOOD,1482
1700000001.483000,sim-pump-01,vibration_x,0.949617,g,GOOD,1483
1700000001.484000,sim-pump-01,vibration_x,1.169162,g,GOOD,1484
1700000001.485000,sim-pump-01,vibration_x,1.150218,g,GOOD,1485
1700000001.486000,sim-pump-01,vibration_x,1.299435,g,GOOD,1486
1700000001.487000,sim-pump-01,vibration_x,1.241560,g,GOOD,1487
1700000001.488000,sim-pump-01,vibration_x,1.124331,g,GOOD,1488
1700000001.489000,sim-pump-01,vibration_x,0.988588,g,GOOD,1489
1700000001.490000,sim-pump-01,vibration_x,0.876030,g,GOOD,1490
1700000001.491000,sim-pump-01,vibration_x,0.680134,g,GOOD,1491
1700000001.492000,sim-pump-01,vibration_x,0.627984,g,GOOD,1492
1700000001.493000,sim-pump-01,vibration_x,0.535368,g,GOOD,1493
1700000001.494000,sim-pump-01,vibration_x,0.482596,g,GOOD,1494
1700000001.495000,sim-pump-01,vibration_x,0.363577,g,GOOD,1495
1700000001.496000,sim-pump-01,vibration_x,0.356970,g,GOOD,1496
1700000001.497000,sim-pump-01,vibration_x,0.328902,g,GOOD,1497
1700000001.498000,sim-pump-01,vibration_x,0.176579,g,GOOD,1498
1700000001.499000,sim-pump-01,vibration_x,0.054845,g,GOOD,1499
1700000001.500000,sim-pump-01,vibration_x,0.025255,g,GOOD,1500
1700000001.501000,sim-pump-01,vibration_x,-0.131884,g,GOOD,1501
1700000001.502000,sim-pump-01,vibration_x,-0.250826,g,GOOD,1502
1700000001.503000,sim-pump-01,vibration_x,-0.228964,g,GOOD,1503
1700000001.504000,sim-pump-01,vibration_x,-0.361348,g,GOOD,1504
1700000001.505000,sim-pump-01,vibration_x,-0.397679,g,GOOD,1505
1700000001.506000,sim-pump-01,vibration_x,-0.467697,g,GOOD,1506
1700000001.507000,sim-pump-01,vibration_x,-0.598442,g,GOOD,1507
1700000001.508000,sim-pump-01,vibration_x,-0.562930,g,GOOD,1508
1700000001.509000,sim-pump-01,vibration_x,-0.671603,g,GOOD,1509
1700000001.510000,sim-pump-01,vibration_x,-0.838821,g,GOOD,1510
1700000001.511000,sim-pump-01,vibration_x,-1.088924,g,GOOD,1511
1700000001.512000,sim-pump-01,vibration_x,-1.050607,g,GOOD,1512
1700000001.513000,sim-pump-01,vibration_x,-1.132188,g,GOOD,1513
1700000001.514000,sim-pump-01,vibration_x,-1.263859,g,GOOD,1514
1700000001.515000,sim-pump-01,vibration_x,-1.262729,g,GOOD,1515
1700000001.516000,sim-pump-01,vibration_x,-1.135074,g,GOOD,1516
1700000001.517000,sim-pump-01,vibration_x,-1.033609,g,GOOD,1517
1700000001.518000,sim-pump-01,vibration_x,-0.702182,g,GOOD,1518
1700000001.519000,sim-pump-01,vibration_x,-0.367426,g,GOOD,1519
1700000001.520000,sim-pump-01,vibration_x,-0.052626,g,GOOD,1520
1700000001.521000,sim-pump-01,vibration_x,0.367774,g,GOOD,1521
1700000001.522000,sim-pump-01,vibration_x,0.674000,g,GOOD,1522
1700000001.523000,sim-pump-01,vibration_x,0.923196,g,GOOD,1523
1700000001.524000,sim-pump-01,vibration_x,1.103351,g,GOOD,1524
1700000001.525000,sim-pump-01,vibration_x,1.200443,g,GOOD,1525
1700000001.526000,sim-pump-01,vibration_x,1.271267,g,GOOD,1526
1700000001.527000,sim-pump-01,vibration_x,1.226913,g,GOOD,1527
1700000001.528000,sim-pump-01,vibration_x,1.051012,g,GOOD,1528
1700000001.529000,sim-pump-01,vibration_x,1.051682,g,GOOD,1529
1700000001.530000,sim-pump-01,vibration_x,0.827733,g,GOOD,1530
1700000001.531000,sim-pump-01,vibration_x,0.715955,g,GOOD,1531
1700000001.532000,sim-pump-01,vibration_x,0.686626,g,GOOD,1532
1700000001.533000,sim-pump-01,vibration_x,0.575459,g,GOOD,1533
1700000001.534000,sim-pump-01,vibration_x,0.418967,g,GOOD,1534
1700000001.535000,sim-pump-01,vibration_x,0.387061,g,GOOD,1535
1700000001.536000,sim-pump-01,vibration_x,0.336964,g,GOOD,1536
1700000001.537000,sim-pump-01,vibration_x,0.218174,g,GOOD,1537
1700000001.538000,sim-pump-01,vibration_x,0.194111,g,GOOD,1538
1700000001.539000,sim-pump-01,vibration_x,0.102192,g,GOOD,1539
1700000001.540000,sim-pump-01,vibration_x,-0.039490,g,GOOD,1540
1700000001.541000,sim-pump-01,vibration_x,-0.047937,g,GOOD,1541
1700000001.542000,sim-pump-01,vibration_x,-0.205120,g,GOOD,1542
1700000001.543000,sim-pump-01,vibration_x,-0.266233,g,GOOD,1543
1700000001.544000,sim-pump-01,vibration_x,-0.333344,g,GOOD,1544
1700000001.545000,sim-pump-01,vibration_x,-0.413171,g,GOOD,1545
1700000001.546000,sim-pump-01,vibration_x,-0.467782,g,GOOD,1546
1700000001.547000,sim-pump-01,vibration_x,-0.560577,g,GOOD,1547
1700000001.548000,sim-pump-01,vibration_x,-0.655010,g,GOOD,1548
1700000001.549000,sim-pump-01,vibration_x,-0.771832,g,GOOD,1549
1700000001.550000,sim-pump-01,vibration_x,-0.839412,g,GOOD,1550
1700000001.551000,sim-pump-01,vibration_x,-0.971238,g,GOOD,1551
1700000001.552000,sim-pump-01,vibration_x,-1.055033,g,GOOD,1552
1700000001.553000,sim-pump-01,vibration_x,-1.196113,g,GOOD,1553
1700000001.554000,sim-pump-01,vibration_x,-1.235715,g,GOOD,1554
1700000001.555000,sim-pump-01,vibration_x,-1.225242,g,GOOD,1555
1700000001.556000,sim-pump-01,vibration_x,-1.100270,g,GOOD,1556
1700000001.557000,sim-pump-01,vibration_x,-0.943762,g,GOOD,1557
1700000001.558000,sim-pump-01,vibration_x,-0.715442,g,GOOD,1558
1700000001.559000,sim-pump-01,vibration_x,-0.331182,g,GOOD,1559
1700000001.560000,sim-pump-01,vibration_x,0.018868,g,GOOD,1560
1700000001.561000,sim-pump-01,vibration_x,0.361475,g,GOOD,1561
1700000001.562000,sim-pump-01,vibration_x,0.711383,g,GOOD,1562
1700000001.563000,sim-pump-01,vibration_x,1.000925,g,GOOD,1563
1700000001.564000,sim-pump-01,vibration_x,1.124014,g,GOOD,1564
1700000001.565000,sim-pump-01,vibration_x,1.230371,g,GOOD,1565
1700000001.566000,sim-pump-01,vibration_x,1.194475,g,GOOD,1566
1700000001.567000,sim-pump-01,vibration_x,1.235315,g,GOOD,1567
1700000001.568000,sim-pump-01,vibration_x,1.062457,g,GOOD,1568
1700000001.569000,sim-pump-01,vibration_x,1.000785,g,GOOD,1569
1700000001.570000,sim-pump-01,vibration_x,0.873006,g,GOOD,1570
1700000001.571000,sim-pump-01,vibration_x,0.753567,g,GOOD,1571
1700000001.572000,sim-pump-01,vibration_x,0.621102,g,GOOD,1572
1700000001.573000,sim-pump-01,vibration_x,0.508005,g,GOOD,1573
1700000001.574000,sim-pump-01,vibration_x,0.462429,g,GOOD,1574
1700000001.575000,sim-pump-01,vibration_x,0.324582,g,GOOD,1575
1700000001.576000,sim-pump-01,vibration_x,0.254638,g,GOOD,1576
1700000001.577000,sim-pump-01,vibration_x,0.416850,g,GOOD,1577
1700000001.578000,sim-pump-01,vibration_x,0.262486,g,GOOD,1578
1700000001.579000,sim-pump-01,vibration_x,0.074610,g,GOOD,1579
1700000001.580000,sim-pump-01,vibration_x,0.033002,g,GOOD,1580
1700000001.581000,sim-pump-01,vibration_x,-0.187021,g,GOOD,1581
1700000001.582000,sim-pump-01,vibration_x,-0.275013,g,GOOD,1582
1700000001.583000,sim-pump-01,vibration_x,-0.272508,g,GOOD,1583
1700000001.584000,sim-pump-01,vibration_x,-0.317327,g,GOOD,1584
1700000001.585000,sim-pump-01,vibration_x,-0.394126,g,GOOD,1585
1700000001.586000,sim-pump-01,vibration_x,-0.433634,g,GOOD,1586
1700000001.587000,sim-pump-01,vibration_x,-0.513011,g,GOOD,1587
1700000001.588000,sim-pump-01,vibration_x,-0.647479,g,GOOD,1588
1700000001.589000,sim-pump-01,vibration_x,-0.651478,g,GOOD,1589
1700000001.590000,sim-pump-01,vibration_x,-0.768505,g,GOOD,1590
1700000001.591000,sim-pump-01,vibration_x,-0.992422,g,GOOD,1591
1700000001.592000,sim-pump-01,vibration_x,-1.037097,g,GOOD,1592
1700000001.593000,sim-pump-01,vibration_x,-1.236168,g,GOOD,1593
1700000001.594000,sim-pump-01,vibration_x,-1.269037,g,GOOD,1594
1700000001.595000,sim-pump-01,vibration_x,-1.262536,g,GOOD,1595
1700000001.596000,sim-pump-01,vibration_x,-1.171944,g,GOOD,1596
1700000001.597000,sim-pump-01,vibration_x,-0.953626,g,GOOD,1597
1700000001.598000,sim-pump-01,vibration_x,-0.657048,g,GOOD,1598
1700000001.599000,sim-pump-01,vibration_x,-0.297674,g,GOOD,1599
1700000001.600000,sim-pump-01,vibration_x,0.063906,g,GOOD,1600
1700000001.601000,sim-pump-01,vibration_x,0.292130,g,GOOD,1601
1700000001.602000,sim-pump-01,vibration_x,0.706437,g,GOOD,1602
1700000001.603000,sim-pump-01,vibration_x,0.874297,g,GOOD,1603
1700000001.604000,sim-pump-01,vibration_x,1.135833,g,GOOD,1604
1700000001.605000,sim-pump-01,vibration_x,1.186255,g,GOOD,1605
1700000001.606000,sim-pump-01,vibration_x,1.201774,g,GOOD,1606
1700000001.607000,sim-pump-01,vibration_x,1.161219,g,GOOD,1607
1700000001.608000,sim-pump-01,vibration_x,1.103129,g,GOOD,1608
1700000001.609000,sim-pump-01,vibration_x,1.010944,g,GOOD,1609
1700000001.610000,sim-pump-01,vibration_x,0.814949,g,GOOD,1610
1700000001.611000,sim-pump-01,vibration_x,0.766380,g,GOOD,1611
1700000001.612000,sim-pump-01,vibration_x,0.602004,g,GOOD,1612
1700000001.613000,sim-pump-01,vibration_x,0.473632,g,GOOD,1613
1700000001.614000,sim-pump-01,vibration_x,0.468066,g,GOOD,1614
1700000001.615000,sim-pump-01,vibration_x,0.422447,g,GOOD,1615
1700000001.616000,sim-pump-01,vibration_x,0.411131,g,GOOD,1616
1700000001.617000,sim-pump-01,vibration_x,0.268409,g,GOOD,1617
1700000001.618000,sim-pump-01,vibration_x,0.230855,g,GOOD,1618
1700000001.619000,sim-pump-01,vibration_x,0.114497,g,GOOD,1619
1700000001.620000,sim-pump-01,vibration_x,0.010842,g,GOOD,1620
1700000001.621000,sim-pump-01,vibration_x,-0.160004,g,GOOD,1621
1700000001.622000,sim-pump-01,vibration_x,-0.192429,g,GOOD,1622
1700000001.623000,sim-pump-01,vibration_x,-0.297364,g,GOOD,1623
1700000001.624000,sim-pump-01,vibration_x,-0.332622,g,GOOD,1624
1700000001.625000,sim-pump-01,vibration_x,-0.378456,g,GOOD,1625
1700000001.626000,sim-pump-01,vibration_x,-0.488485,g,GOOD,1626
1700000001.627000,sim-pump-01,vibration_x,-0.571097,g,GOOD,1627
1700000001.628000,sim-pump-01,vibration_x,-0.581749,g,GOOD,1628
1700000001.629000,sim-pump-01,vibration_x,-0.695289,g,GOOD,1629
1700000001.630000,sim-pump-01,vibration_x,-0.906382,g,GOOD,1630
1700000001.631000,sim-pump-01,vibration_x,-0.978974,g,GOOD,1631
1700000001.632000,sim-pump-01,vibration_x,-1.037201,g,GOOD,1632
1700000001.633000,sim-pump-01,vibration_x,-1.214919,g,GOOD,1633
1700000001.634000,sim-pump-01,vibration_x,-1.266305,g,GOOD,1634
1700000001.635000,sim-pump-01,vibration_x,-1.247714,g,GOOD,1635
1700000001.636000,sim-pump-01,vibration_x,-1.047386,g,GOOD,1636
1700000001.637000,sim-pump-01,vibration_x,-0.908785,g,GOOD,1637
1700000001.638000,sim-pump-01,vibration_x,-0.657212,g,GOOD,1638
1700000001.639000,sim-pump-01,vibration_x,-0.335033,g,GOOD,1639
1700000001.640000,sim-pump-01,vibration_x,-0.012839,g,GOOD,1640
1700000001.641000,sim-pump-01,vibration_x,0.398747,g,GOOD,1641
1700000001.642000,sim-pump-01,vibration_x,0.696433,g,GOOD,1642
1700000001.643000,sim-pump-01,vibration_x,0.935468,g,GOOD,1643
1700000001.644000,sim-pump-01,vibration_x,1.164084,g,GOOD,1644
1700000001.645000,sim-pump-01,vibration_x,1.154619,g,GOOD,1645
1700000001.646000,sim-pump-01,vibration_x,1.208344,g,GOOD,1646
1700000001.647000,sim-pump-01,vibration_x,1.248246,g,GOOD,1647
1700000001.648000,sim-pump-01,vibration_x,1.162919,g,GOOD,1648
1700000001.649000,sim-pump-01,vibration_x,0.970995,g,GOOD,1649
1700000001.650000,sim-pump-01,vibration_x,0.872432,g,GOOD,1650
1700000001.651000,sim-pump-01,vibration_x,0.601074,g,GOOD,1651
1700000001.652000,sim-pump-01,vibration_x,0.593702,g,GOOD,1652
1700000001.653000,sim-pump-01,vibration_x,0.593318,g,GOOD,1653
1700000001.654000,sim-pump-01,vibration_x,0.485906,g,GOOD,1654
1700000001.655000,sim-pump-01,vibration_x,0.450131,g,GOOD,1655
1700000001.656000,sim-pump-01,vibration_x,0.401737,g,GOOD,1656
1700000001.657000,sim-pump-01,vibration_x,0.234190,g,GOOD,1657
1700000001.658000,sim-pump-01,vibration_x,0.246736,g,GOOD,1658
1700000001.659000,sim-pump-01,vibration_x,0.127874,g,GOOD,1659
1700000001.660000,sim-pump-01,vibration_x,0.010572,g,GOOD,1660
1700000001.661000,sim-pump-01,vibration_x,-0.061804,g,GOOD,1661
1700000001.662000,sim-pump-01,vibration_x,-0.155607,g,GOOD,1662
1700000001.663000,sim-pump-01,vibration_x,-0.169539,g,GOOD,1663
1700000001.664000,sim-pump-01,vibration_x,-0.369333,g,GOOD,1664
1700000001.665000,sim-pump-01,vibration_x,-0.381954,g,GOOD,1665
1700000001.666000,sim-pump-01,vibration_x,-0.567379,g,GOOD,1666
1700000001.667000,sim-pump-01,vibration_x,-0.529240,g,GOOD,1667
1700000001.668000,sim-pump-01,vibration_x,-0.599316,g,GOOD,1668
1700000001.669000,sim-pump-01,vibration_x,-0.625624,g,GOOD,1669
1700000001.670000,sim-pump-01,vibration_x,-0.893497,g,GOOD,1670
1700000001.671000,sim-pump-01,vibration_x,-0.996825,g,GOOD,1671
1700000001.672000,sim-pump-01,vibration_x,-1.065178,g,GOOD,1672
1700000001.673000,sim-pump-01,vibration_x,-1.169665,g,GOOD,1673
1700000001.674000,sim-pump-01,vibration_x,-1.194200,g,GOOD,1674
1700000001.675000,sim-pump-01,vibration_x,-1.270407,g,GOOD,1675
1700000001.676000,sim-pump-01,vibration_x,-1.091255,g,GOOD,1676
1700000001.677000,sim-pump-01,vibration_x,-1.027744,g,GOOD,1677
1700000001.678000,sim-pump-01,vibration_x,-0.617515,g,GOOD,1678
1700000001.679000,sim-pump-01,vibration_x,-0.428207,g,GOOD,1679
1700000001.680000,sim-pump-01,vibration_x,0.009420,g,GOOD,1680
1700000001.681000,sim-pump-01,vibration_x,0.338866,g,GOOD,1681
1700000001.682000,sim-pump-01,vibration_x,0.656380,g,GOOD,1682
1700000001.683000,sim-pump-01,vibration_x,0.922855,g,GOOD,1683
1700000001.684000,sim-pump-01,vibration_x,1.117129,g,GOOD,1684
1700000001.685000,sim-pump-01,vibration_x,1.132076,g,GOOD,1685
1700000001.686000,sim-pump-01,vibration_x,1.168754,g,GOOD,1686
1700000001.687000,sim-pump-01,vibration_x,1.212252,g,GOOD,1687
1700000001.688000,sim-pump-01,vibration_x,1.147538,g,GOOD,1688
1700000001.689000,sim-pump-01,vibration_x,0.895582,g,GOOD,1689
1700000001.690000,sim-pump-01,vibration_x,0.797483,g,GOOD,1690
1700000001.691000,sim-pump-01,vibration_x,0.719634,g,GOOD,1691
1700000001.692000,sim-pump-01,vibration_x,0.715203,g,GOOD,1692
1700000001.693000,sim-pump-01,vibration_x,0.514375,g,GOOD,1693
1700000001.694000,sim-pump-01,vibration_x,0.538612,g,GOOD,1694
1700000001.695000,sim-pump-01,vibration_x,0.483515,g,GOOD,1695
1700000001.696000,sim-pump-01,vibration_x,0.355316,g,GOOD,1696
1700000001.697000,sim-pump-01,vibration_x,0.291819,g,GOOD,1697
1700000001.698000,sim-pump-01,vibration_x,0.207314,g,GOOD,1698
1700000001.699000,sim-pump-01,vibration_x,0.105740,g,GOOD,1699
1700000001.700000,sim-pump-01,vibration_x,0.029195,g,GOOD,1700
1700000001.701000,sim-pump-01,vibration_x,-0.069307,g,GOOD,1701
1700000001.702000,sim-pump-01,vibration_x,-0.211138,g,GOOD,1702
1700000001.703000,sim-pump-01,vibration_x,-0.320001,g,GOOD,1703
1700000001.704000,sim-pump-01,vibration_x,-0.388534,g,GOOD,1704
1700000001.705000,sim-pump-01,vibration_x,-0.307050,g,GOOD,1705
1700000001.706000,sim-pump-01,vibration_x,-0.381681,g,GOOD,1706
1700000001.707000,sim-pump-01,vibration_x,-0.536869,g,GOOD,1707
1700000001.708000,sim-pump-01,vibration_x,-0.635435,g,GOOD,1708
1700000001.709000,sim-pump-01,vibration_x,-0.689945,g,GOOD,1709
1700000001.710000,sim-pump-01,vibration_x,-0.944764,g,GOOD,1710
1700000001.711000,sim-pump-01,vibration_x,-0.942896,g,GOOD,1711
1700000001.712000,sim-pump-01,vibration_x,-1.102031,g,GOOD,1712
1700000001.713000,sim-pump-01,vibration_x,-1.322176,g,GOOD,1713
1700000001.714000,sim-pump-01,vibration_x,-1.216934,g,GOOD,1714
1700000001.715000,sim-pump-01,vibration_x,-1.072605,g,GOOD,1715
1700000001.716000,sim-pump-01,vibration_x,-1.126187,g,GOOD,1716
1700000001.717000,sim-pump-01,vibration_x,-0.914392,g,GOOD,1717
1700000001.718000,sim-pump-01,vibration_x,-0.675479,g,GOOD,1718
1700000001.719000,sim-pump-01,vibration_x,-0.336247,g,GOOD,1719
1700000001.720000,sim-pump-01,vibration_x,-0.025783,g,GOOD,1720
1700000001.721000,sim-pump-01,vibration_x,0.319256,g,GOOD,1721
1700000001.722000,sim-pump-01,vibration_x,0.639171,g,GOOD,1722
1700000001.723000,sim-pump-01,vibration_x,0.953448,g,GOOD,1723
1700000001.724000,sim-pump-01,vibration_x,1.067047,g,GOOD,1724
1700000001.725000,sim-pump-01,vibration_x,1.215810,g,GOOD,1725
1700000001.726000,sim-pump-01,vibration_x,1.264874,g,GOOD,1726
1700000001.727000,sim-pump-01,vibration_x,1.215659,g,GOOD,1727
1700000001.728000,sim-pump-01,vibration_x,1.188319,g,GOOD,1728
1700000001.729000,sim-pump-01,vibration_x,0.931487,g,GOOD,1729
1700000001.730000,sim-pump-01,vibration_x,0.850673,g,GOOD,1730
1700000001.731000,sim-pump-01,vibration_x,0.699871,g,GOOD,1731
1700000001.732000,sim-pump-01,vibration_x,0.607821,g,GOOD,1732
1700000001.733000,sim-pump-01,vibration_x,0.608706,g,GOOD,1733
1700000001.734000,sim-pump-01,vibration_x,0.487400,g,GOOD,1734
1700000001.735000,sim-pump-01,vibration_x,0.389952,g,GOOD,1735
1700000001.736000,sim-pump-01,vibration_x,0.306125,g,GOOD,1736
1700000001.737000,sim-pump-01,vibration_x,0.315377,g,GOOD,1737
1700000001.738000,sim-pump-01,vibration_x,0.228647,g,GOOD,1738
1700000001.739000,sim-pump-01,vibration_x,0.117102,g,GOOD,1739
1700000001.740000,sim-pump-01,vibration_x,-0.023204,g,GOOD,1740
1700000001.741000,sim-pump-01,vibration_x,-0.112432,g,GOOD,1741
1700000001.742000,sim-pump-01,vibration_x,-0.198953,g,GOOD,1742
1700000001.743000,sim-pump-01,vibration_x,-0.283759,g,GOOD,1743
1700000001.744000,sim-pump-01,vibration_x,-0.265996,g,GOOD,1744
1700000001.745000,sim-pump-01,vibration_x,-0.397536,g,GOOD,1745
1700000001.746000,sim-pump-01,vibration_x,-0.490632,g,GOOD,1746
1700000001.747000,sim-pump-01,vibration_x,-0.521057,g,GOOD,1747
1700000001.748000,sim-pump-01,vibration_x,-0.582302,g,GOOD,1748
1700000001.749000,sim-pump-01,vibration_x,-0.698062,g,GOOD,1749
1700000001.750000,sim-pump-01,vibration_x,-0.848552,g,GOOD,1750
1700000001.751000,sim-pump-01,vibration_x,-0.912456,g,GOOD,1751
1700000001.752000,sim-pump-01,vibration_x,-1.085620,g,GOOD,1752
1700000001.753000,sim-pump-01,vibration_x,-1.227551,g,GOOD,1753
1700000001.754000,sim-pump-01,vibration_x,-1.329162,g,GOOD,1754
1700000001.755000,sim-pump-01,vibration_x,-1.266203,g,GOOD,1755
1700000001.756000,sim-pump-01,vibration_x,-0.993221,g,GOOD,1756
1700000001.757000,sim-pump-01,vibration_x,-0.885674,g,GOOD,1757
1700000001.758000,sim-pump-01,vibration_x,-0.581038,g,GOOD,1758
1700000001.759000,sim-pump-01,vibration_x,-0.383863,g,GOOD,1759
1700000001.760000,sim-pump-01,vibration_x,-0.046742,g,GOOD,1760
1700000001.761000,sim-pump-01,vibration_x,0.472271,g,GOOD,1761
1700000001.762000,sim-pump-01,vibration_x,0.561373,g,GOOD,1762
1700000001.763000,sim-pump-01,vibration_x,0.945116,g,GOOD,1763
1700000001.764000,sim-pump-01,vibration_x,1.100013,g,GOOD,1764
1700000001.765000,sim-pump-01,vibration_x,1.205195,g,GOOD,1765
1700000001.766000,sim-pump-01,vibration_x,1.244902,g,GOOD,1766
1700000001.767000,sim-pump-01,vibration_x,1.171550,g,GOOD,1767
1700000001.768000,sim-pump-01,vibration_x,1.164151,g,GOOD,1768
1700000001.769000,sim-pump-01,vibration_x,1.083356,g,GOOD,1769
1700000001.770000,sim-pump-01,vibration_x,0.858628,g,GOOD,1770
1700000001.771000,sim-pump-01,vibration_x,0.782423,g,GOOD,1771
1700000001.772000,sim-pump-01,vibration_x,0.617514,g,GOOD,1772
1700000001.773000,sim-pump-01,vibration_x,0.539454,g,GOOD,1773
1700000001.774000,sim-pump-01,vibration_x,0.493488,g,GOOD,1774
1700000001.775000,sim-pump-01,vibration_x,0.354061,g,GOOD,1775
1700000001.776000,sim-pump-01,vibration_x,0.332879,g,GOOD,1776
1700000001.777000,sim-pump-01,vibration_x,0.280283,g,GOOD,1777
1700000001.778000,sim-pump-01,vibration_x,0.213946,g,GOOD,1778
1700000001.779000,sim-pump-01,vibration_x,0.112748,g,GOOD,1779
1700000001.780000,sim-pump-01,vibration_x,0.033955,g,GOOD,1780
1700000001.781000,sim-pump-01,vibration_x,-0.085772,g,GOOD,1781
1700000001.782000,sim-pump-01,vibration_x,-0.196885,g,GOOD,1782
1700000001.783000,sim-pump-01,vibration_x,-0.300448,g,GOOD,1783
1700000001.784000,sim-pump-01,vibration_x,-0.337670,g,GOOD,1784
1700000001.785000,sim-pump-01,vibration_x,-0.378873,g,GOOD,1785
1700000001.786000,sim-pump-01,vibration_x,-0.501910,g,GOOD,1786
1700000001.787000,sim-pump-01,vibration_x,-0.494615,g,GOOD,1787
1700000001.788000,sim-pump-01,vibration_x,-0.655869,g,GOOD,1788
1700000001.789000,sim-pump-01,vibration_x,-0.671260,g,GOOD,1789
1700000001.790000,sim-pump-01,vibration_x,-0.841206,g,GOOD,1790
1700000001.791000,sim-pump-01,vibration_x,-0.990196,g,GOOD,1791
1700000001.792000,sim-pump-01,vibration_x,-1.076336,g,GOOD,1792
1700000001.793000,sim-pump-01,vibration_x,-1.240757,g,GOOD,1793
1700000001.794000,sim-pump-01,vibration_x,-1.277881,g,GOOD,1794
1700000001.795000,sim-pump-01,vibration_x,-1.168719,g,GOOD,1795
1700000001.796000,sim-pump-01,vibration_x,-1.133966,g,GOOD,1796
1700000001.797000,sim-pump-01,vibration_x,-0.912949,g,GOOD,1797
1700000001.798000,sim-pump-01,vibration_x,-0.666875,g,GOOD,1798
1700000001.799000,sim-pump-01,vibration_x,-0.340867,g,GOOD,1799
1700000001.800000,sim-pump-01,vibration_x,0.032597,g,GOOD,1800
1700000001.801000,sim-pump-01,vibration_x,0.326517,g,GOOD,1801
1700000001.802000,sim-pump-01,vibration_x,0.697574,g,GOOD,1802
1700000001.803000,sim-pump-01,vibration_x,0.931862,g,GOOD,1803
1700000001.804000,sim-pump-01,vibration_x,0.986875,g,GOOD,1804
1700000001.805000,sim-pump-01,vibration_x,1.236221,g,GOOD,1805
1700000001.806000,sim-pump-01,vibration_x,1.231828,g,GOOD,1806
1700000001.807000,sim-pump-01,vibration_x,1.045580,g,GOOD,1807
1700000001.808000,sim-pump-01,vibration_x,1.124448,g,GOOD,1808
1700000001.809000,sim-pump-01,vibration_x,0.974408,g,GOOD,1809
1700000001.810000,sim-pump-01,vibration_x,0.840017,g,GOOD,1810
1700000001.811000,sim-pump-01,vibration_x,0.770574,g,GOOD,1811
1700000001.812000,sim-pump-01,vibration_x,0.689654,g,GOOD,1812
1700000001.813000,sim-pump-01,vibration_x,0.684964,g,GOOD,1813
1700000001.814000,sim-pump-01,vibration_x,0.456989,g,GOOD,1814
1700000001.815000,sim-pump-01,vibration_x,0.491246,g,GOOD,1815
1700000001.816000,sim-pump-01,vibration_x,0.393253,g,GOOD,1816
1700000001.817000,sim-pump-01,vibration_x,0.174426,g,GOOD,1817
1700000001.818000,sim-pump-01,vibration_x,0.221075,g,GOOD,1818
1700000001.819000,sim-pump-01,vibration_x,0.126959,g,GOOD,1819
1700000001.820000,sim-pump-01,vibration_x,-0.050108,g,GOOD,1820
1700000001.821000,sim-pump-01,vibration_x,-0.066702,g,GOOD,1821
1700000001.822000,sim-pump-01,vibration_x,-0.160372,g,GOOD,1822
1700000001.823000,sim-pump-01,vibration_x,-0.274977,g,GOOD,1823
1700000001.824000,sim-pump-01,vibration_x,-0.353152,g,GOOD,1824
1700000001.825000,sim-pump-01,vibration_x,-0.363075,g,GOOD,1825
1700000001.826000,sim-pump-01,vibration_x,-0.425138,g,GOOD,1826
1700000001.827000,sim-pump-01,vibration_x,-0.591468,g,GOOD,1827
1700000001.828000,sim-pump-01,vibration_x,-0.699960,g,GOOD,1828
1700000001.829000,sim-pump-01,vibration_x,-0.717630,g,GOOD,1829
1700000001.830000,sim-pump-01,vibration_x,-0.863398,g,GOOD,1830
1700000001.831000,sim-pump-01,vibration_x,-0.904719,g,GOOD,1831
1700000001.832000,sim-pump-01,vibration_x,-1.134318,g,GOOD,1832
1700000001.833000,sim-pump-01,vibration_x,-1.143460,g,GOOD,1833
1700000001.834000,sim-pump-01,vibration_x,-1.282026,g,GOOD,1834
1700000001.835000,sim-pump-01,vibration_x,-1.299998,g,GOOD,1835
1700000001.836000,sim-pump-01,vibration_x,-1.156583,g,GOOD,1836
1700000001.837000,sim-pump-01,vibration_x,-0.961544,g,GOOD,1837
1700000001.838000,sim-pump-01,vibration_x,-0.555797,g,GOOD,1838
1700000001.839000,sim-pump-01,vibration_x,-0.385075,g,GOOD,1839
1700000001.840000,sim-pump-01,vibration_x,0.088922,g,GOOD,1840
1700000001.841000,sim-pump-01,vibration_x,0.372222,g,GOOD,1841
1700000001.842000,sim-pump-01,vibration_x,0.603592,g,GOOD,1842
1700000001.843000,sim-pump-01,vibration_x,0.957610,g,GOOD,1843
1700000001.844000,sim-pump-01,vibration_x,1.190006,g,GOOD,1844
1700000001.845000,sim-pump-01,vibration_x,1.165717,g,GOOD,1845
1700000001.846000,sim-pump-01,vibration_x,1.168017,g,GOOD,1846
1700000001.847000,sim-pump-01,vibration_x,1.199251,g,GOOD,1847
1700000001.848000,sim-pump-01,vibration_x,1.113469,g,GOOD,1848
1700000001.849000,sim-pump-01,vibration_x,1.032531,g,GOOD,1849
1700000001.850000,sim-pump-01,vibration_x,0.796866,g,GOOD,1850
1700000001.851000,sim-pump-01,vibration_x,0.734551,g,GOOD,1851
1700000001.852000,sim-pump-01,vibration_x,0.612640,g,GOOD,1852
1700000001.853000,sim-pump-01,vibration_x,0.553972,g,GOOD,1853
1700000001.854000,sim-pump-01,vibration_x,0.388402,g,GOOD,1854
1700000001.855000,sim-pump-01,vibration_x,0.461501,g,GOOD,1855
1700000001.856000,sim-pump-01,vibration_x,0.369801,g,GOOD,1856
1700000001.857000,sim-pump-01,vibration_x,0.337186,g,GOOD,1857
1700000001.858000,sim-pump-01,vibration_x,0.277032,g,GOOD,1858
1700000001.859000,sim-pump-01,vibration_x,0.145956,g,GOOD,1859
1700000001.860000,sim-pump-01,vibration_x,-0.070628,g,GOOD,1860
1700000001.861000,sim-pump-01,vibration_x,-0.101347,g,GOOD,1861
1700000001.862000,sim-pump-01,vibration_x,-0.239831,g,GOOD,1862
1700000001.863000,sim-pump-01,vibration_x,-0.306881,g,GOOD,1863
1700000001.864000,sim-pump-01,vibration_x,-0.366773,g,GOOD,1864
1700000001.865000,sim-pump-01,vibration_x,-0.456184,g,GOOD,1865
1700000001.866000,sim-pump-01,vibration_x,-0.560415,g,GOOD,1866
1700000001.867000,sim-pump-01,vibration_x,-0.479923,g,GOOD,1867
1700000001.868000,sim-pump-01,vibration_x,-0.586128,g,GOOD,1868
1700000001.869000,sim-pump-01,vibration_x,-0.695439,g,GOOD,1869
1700000001.870000,sim-pump-01,vibration_x,-0.850976,g,GOOD,1870
1700000001.871000,sim-pump-01,vibration_x,-0.933548,g,GOOD,1871
1700000001.872000,sim-pump-01,vibration_x,-1.078946,g,GOOD,1872
1700000001.873000,sim-pump-01,vibration_x,-1.199934,g,GOOD,1873
1700000001.874000,sim-pump-01,vibration_x,-1.230625,g,GOOD,1874
1700000001.875000,sim-pump-01,vibration_x,-1.210560,g,GOOD,1875
1700000001.876000,sim-pump-01,vibration_x,-1.065258,g,GOOD,1876
1700000001.877000,sim-pump-01,vibration_x,-0.926570,g,GOOD,1877
1700000001.878000,sim-pump-01,vibration_x,-0.706146,g,GOOD,1878
1700000001.879000,sim-pump-01,vibration_x,-0.267752,g,GOOD,1879
1700000001.880000,sim-pump-01,vibration_x,-0.073258,g,GOOD,1880
1700000001.881000,sim-pump-01,vibration_x,0.352688,g,GOOD,1881
1700000001.882000,sim-pump-01,vibration_x,0.675127,g,GOOD,1882
1700000001.883000,sim-pump-01,vibration_x,0.925680,g,GOOD,1883
1700000001.884000,sim-pump-01,vibration_x,1.043672,g,GOOD,1884
1700000001.885000,sim-pump-01,vibration_x,1.254630,g,GOOD,1885
1700000001.886000,sim-pump-01,vibration_x,1.305317,g,GOOD,1886
1700000001.887000,sim-pump-01,vibration_x,1.165281,g,GOOD,1887
1700000001.888000,sim-pump-01,vibration_x,1.116802,g,GOOD,1888
1700000001.889000,sim-pump-01,vibration_x,0.928832,g,GOOD,1889
1700000001.890000,sim-pump-01,vibration_x,0.709852,g,GOOD,1890
1700000001.891000,sim-pump-01,vibration_x,0.733446,g,GOOD,1891
1700000001.892000,sim-pump-01,vibration_x,0.701926,g,GOOD,1892
1700000001.893000,sim-pump-01,vibration_x,0.595145,g,GOOD,1893
1700000001.894000,sim-pump-01,vibration_x,0.491390,g,GOOD,1894
1700000001.895000,sim-pump-01,vibration_x,0.373562,g,GOOD,1895
1700000001.896000,sim-pump-01,vibration_x,0.385155,g,GOOD,1896
1700000001.897000,sim-pump-01,vibration_x,0.255883,g,GOOD,1897
1700000001.898000,sim-pump-01,vibration_x,0.235918,g,GOOD,1898
1700000001.899000,sim-pump-01,vibration_x,0.090593,g,GOOD,1899
1700000001.900000,sim-pump-01,vibration_x,-0.012359,g,GOOD,1900
1700000001.901000,sim-pump-01,vibration_x,-0.035961,g,GOOD,1901
1700000001.902000,sim-pump-01,vibration_x,-0.183334,g,GOOD,1902
1700000001.903000,sim-pump-01,vibration_x,-0.253215,g,GOOD,1903
1700000001.904000,sim-pump-01,vibration_x,-0.322927,g,GOOD,1904
1700000001.905000,sim-pump-01,vibration_x,-0.445348,g,GOOD,1905
1700000001.906000,sim-pump-01,vibration_x,-0.492847,g,GOOD,1906
1700000001.907000,sim-pump-01,vibration_x,-0.606417,g,GOOD,1907
1700000001.908000,sim-pump-01,vibration_x,-0.640663,g,GOOD,1908
1700000001.909000,sim-pump-01,vibration_x,-0.855390,g,GOOD,1909
1700000001.910000,sim-pump-01,vibration_x,-0.834938,g,GOOD,1910
1700000001.911000,sim-pump-01,vibration_x,-1.012046,g,GOOD,1911
1700000001.912000,sim-pump-01,vibration_x,-1.086641,g,GOOD,1912
1700000001.913000,sim-pump-01,vibration_x,-1.089350,g,GOOD,1913
1700000001.914000,sim-pump-01,vibration_x,-1.258386,g,GOOD,1914
1700000001.915000,sim-pump-01,vibration_x,-1.162079,g,GOOD,1915
1700000001.916000,sim-pump-01,vibration_x,-1.136249,g,GOOD,1916
1700000001.917000,sim-pump-01,vibration_x,-0.908762,g,GOOD,1917
1700000001.918000,sim-pump-01,vibration_x,-0.631706,g,GOOD,1918
1700000001.919000,sim-pump-01,vibration_x,-0.284209,g,GOOD,1919
1700000001.920000,sim-pump-01,vibration_x,0.002095,g,GOOD,1920
1700000001.921000,sim-pump-01,vibration_x,0.425604,g,GOOD,1921
1700000001.922000,sim-pump-01,vibration_x,0.729915,g,GOOD,1922
1700000001.923000,sim-pump-01,vibration_x,0.898421,g,GOOD,1923
1700000001.924000,sim-pump-01,vibration_x,1.107566,g,GOOD,1924
1700000001.925000,sim-pump-01,vibration_x,1.240350,g,GOOD,1925
1700000001.926000,sim-pump-01,vibration_x,1.211242,g,GOOD,1926
1700000001.927000,sim-pump-01,vibration_x,1.070869,g,GOOD,1927
1700000001.928000,sim-pump-01,vibration_x,1.067484,g,GOOD,1928
1700000001.929000,sim-pump-01,vibration_x,0.963146,g,GOOD,1929
1700000001.930000,sim-pump-01,vibration_x,0.836471,g,GOOD,1930
1700000001.931000,sim-pump-01,vibration_x,0.624709,g,GOOD,1931
1700000001.932000,sim-pump-01,vibration_x,0.610439,g,GOOD,1932
1700000001.933000,sim-pump-01,vibration_x,0.535732,g,GOOD,1933
1700000001.934000,sim-pump-01,vibration_x,0.563230,g,GOOD,1934
1700000001.935000,sim-pump-01,vibration_x,0.427066,g,GOOD,1935
1700000001.936000,sim-pump-01,vibration_x,0.293480,g,GOOD,1936
1700000001.937000,sim-pump-01,vibration_x,0.247270,g,GOOD,1937
1700000001.938000,sim-pump-01,vibration_x,0.273756,g,GOOD,1938
1700000001.939000,sim-pump-01,vibration_x,0.156222,g,GOOD,1939
1700000001.940000,sim-pump-01,vibration_x,0.041424,g,GOOD,1940
1700000001.941000,sim-pump-01,vibration_x,0.001781,g,GOOD,1941
1700000001.942000,sim-pump-01,vibration_x,-0.246856,g,GOOD,1942
1700000001.943000,sim-pump-01,vibration_x,-0.309502,g,GOOD,1943
1700000001.944000,sim-pump-01,vibration_x,-0.326903,g,GOOD,1944
1700000001.945000,sim-pump-01,vibration_x,-0.497632,g,GOOD,1945
1700000001.946000,sim-pump-01,vibration_x,-0.514428,g,GOOD,1946
1700000001.947000,sim-pump-01,vibration_x,-0.536674,g,GOOD,1947
1700000001.948000,sim-pump-01,vibration_x,-0.662551,g,GOOD,1948
1700000001.949000,sim-pump-01,vibration_x,-0.681793,g,GOOD,1949
1700000001.950000,sim-pump-01,vibration_x,-0.859351,g,GOOD,1950
1700000001.951000,sim-pump-01,vibration_x,-0.916359,g,GOOD,1951
1700000001.952000,sim-pump-01,vibration_x,-1.066450,g,GOOD,1952
1700000001.953000,sim-pump-01,vibration_x,-1.126968,g,GOOD,1953
1700000001.954000,sim-pump-01,vibration_x,-1.254572,g,GOOD,1954
1700000001.955000,sim-pump-01,vibration_x,-1.239729,g,GOOD,1955
1700000001.956000,sim-pump-01,vibration_x,-1.073217,g,GOOD,1956
1700000001.957000,sim-pump-01,vibration_x,-0.875267,g,GOOD,1957
1700000001.958000,sim-pump-01,vibration_x,-0.669833,g,GOOD,1958
1700000001.959000,sim-pump-01,vibration_x,-0.292675,g,GOOD,1959
1700000001.960000,sim-pump-01,vibration_x,0.025191,g,GOOD,1960
1700000001.961000,sim-pump-01,vibration_x,0.415005,g,GOOD,1961
1700000001.962000,sim-pump-01,vibration_x,0.578895,g,GOOD,1962
1700000001.963000,sim-pump-01,vibration_x,0.900199,g,GOOD,1963
1700000001.964000,sim-pump-01,vibration_x,1.061867,g,GOOD,1964
1700000001.965000,sim-pump-01,vibration_x,1.123542,g,GOOD,1965
1700000001.966000,sim-pump-01,vibration_x,1.181801,g,GOOD,1966
1700000001.967000,sim-pump-01,vibration_x,1.193131,g,GOOD,1967
1700000001.968000,sim-pump-01,vibration_x,1.155490,g,GOOD,1968
1700000001.969000,sim-pump-01,vibration_x,1.032845,g,GOOD,1969
1700000001.970000,sim-pump-01,vibration_x,0.786631,g,GOOD,1970
1700000001.971000,sim-pump-01,vibration_x,0.717214,g,GOOD,1971
1700000001.972000,sim-pump-01,vibration_x,0.637060,g,GOOD,1972
1700000001.973000,sim-pump-01,vibration_x,0.602779,g,GOOD,1973
1700000001.974000,sim-pump-01,vibration_x,0.519245,g,GOOD,1974
1700000001.975000,sim-pump-01,vibration_x,0.377818,g,GOOD,1975
1700000001.976000,sim-pump-01,vibration_x,0.380582,g,GOOD,1976
1700000001.977000,sim-pump-01,vibration_x,0.282734,g,GOOD,1977
1700000001.978000,sim-pump-01,vibration_x,0.239191,g,GOOD,1978
1700000001.979000,sim-pump-01,vibration_x,0.140226,g,GOOD,1979
1700000001.980000,sim-pump-01,vibration_x,-0.030336,g,GOOD,1980
1700000001.981000,sim-pump-01,vibration_x,-0.038671,g,GOOD,1981
1700000001.982000,sim-pump-01,vibration_x,-0.284017,g,GOOD,1982
1700000001.983000,sim-pump-01,vibration_x,-0.286666,g,GOOD,1983
1700000001.984000,sim-pump-01,vibration_x,-0.445088,g,GOOD,1984
1700000001.985000,sim-pump-01,vibration_x,-0.466959,g,GOOD,1985
1700000001.986000,sim-pump-01,vibration_x,-0.369606,g,GOOD,1986
1700000001.987000,sim-pump-01,vibration_x,-0.547328,g,GOOD,1987
1700000001.988000,sim-pump-01,vibration_x,-0.596925,g,GOOD,1988
1700000001.989000,sim-pump-01,vibration_x,-0.735582,g,GOOD,1989
1700000001.990000,sim-pump-01,vibration_x,-0.875880,g,GOOD,1990
1700000001.991000,sim-pump-01,vibration_x,-1.045751,g,GOOD,1991
1700000001.992000,sim-pump-01,vibration_x,-1.110446,g,GOOD,1992
1700000001.993000,sim-pump-01,vibration_x,-1.209798,g,GOOD,1993
1700000001.994000,sim-pump-01,vibration_x,-1.263655,g,GOOD,1994
1700000001.995000,sim-pump-01,vibration_x,-1.265932,g,GOOD,1995
1700000001.996000,sim-pump-01,vibration_x,-1.201553,g,GOOD,1996
1700000001.997000,sim-pump-01,vibration_x,-1.007764,g,GOOD,1997
1700000001.998000,sim-pump-01,vibration_x,-0.682781,g,GOOD,1998
1700000001.999000,sim-pump-01,vibration_x,-0.329441,g,GOOD,1999
1700000002.000000,sim-pump-01,vibration_x,0.013217,g,GOOD,2000
1700000002.001000,sim-pump-01,vibration_x,0.307936,g,GOOD,2001
1700000002.002000,sim-pump-01,vibration_x,0.690501,g,GOOD,2002
1700000002.003000,sim-pump-01,vibration_x,0.930425,g,GOOD,2003
1700000002.004000,sim-pump-01,vibration_x,1.142755,g,GOOD,2004
1700000002.005000,sim-pump-01,vibration_x,1.268288,g,GOOD,2005
1700000002.006000,sim-pump-01,vibration_x,1.321550,g,GOOD,2006
1700000002.007000,sim-pump-01,vibration_x,1.187351,g,GOOD,2007
1700000002.008000,sim-pump-01,vibration_x,1.042220,g,GOOD,2008
1700000002.009000,sim-pump-01,vibration_x,1.038232,g,GOOD,2009
1700000002.010000,sim-pump-01,vibration_x,0.842363,g,GOOD,2010
1700000002.011000,sim-pump-01,vibration_x,0.751187,g,GOOD,2011
1700000002.012000,sim-pump-01,vibration_x,0.658131,g,GOOD,2012
1700000002.013000,sim-pump-01,vibration_x,0.656710,g,GOOD,2013
1700000002.014000,sim-pump-01,vibration_x,0.464633,g,GOOD,2014
1700000002.015000,sim-pump-01,vibration_x,0.410810,g,GOOD,2015
1700000002.016000,sim-pump-01,vibration_x,0.380887,g,GOOD,2016
1700000002.017000,sim-pump-01,vibration_x,0.282195,g,GOOD,2017
1700000002.018000,sim-pump-01,vibration_x,0.251241,g,GOOD,2018
1700000002.019000,sim-pump-01,vibration_x,0.091012,g,GOOD,2019
1700000002.020000,sim-pump-01,vibration_x,-0.018256,g,GOOD,2020
1700000002.021000,sim-pump-01,vibration_x,-0.120025,g,GOOD,2021
1700000002.022000,sim-pump-01,vibration_x,-0.234125,g,GOOD,2022
1700000002.023000,sim-pump-01,vibration_x,-0.290685,g,GOOD,2023
1700000002.024000,sim-pump-01,vibration_x,-0.371211,g,GOOD,2024
1700000002.025000,sim-pump-01,vibration_x,-0.444767,g,GOOD,2025
1700000002.026000,sim-pump-01,vibration_x,-0.524496,g,GOOD,2026
1700000002.027000,sim-pump-01,vibration_x,-0.530508,g,GOOD,2027
1700000002.028000,sim-pump-01,vibration_x,-0.614997,g,GOOD,2028
1700000002.029000,sim-pump-01,vibration_x,-0.738516,g,GOOD,2029
1700000002.030000,sim-pump-01,vibration_x,-0.864132,g,GOOD,2030
1700000002.031000,sim-pump-01,vibration_x,-0.991456,g,GOOD,2031
1700000002.032000,sim-pump-01,vibration_x,-1.168131,g,GOOD,2032
1700000002.033000,sim-pump-01,vibration_x,-1.155424,g,GOOD,2033
1700000002.034000,sim-pump-01,vibration_x,-1.171009,g,GOOD,2034
1700000002.035000,sim-pump-01,vibration_x,-1.274581,g,GOOD,2035
1700000002.036000,sim-pump-01,vibration_x,-1.010226,g,GOOD,2036
1700000002.037000,sim-pump-01,vibration_x,-0.957173,g,GOOD,2037
1700000002.038000,sim-pump-01,vibration_x,-0.737810,g,GOOD,2038
1700000002.039000,sim-pump-01,vibration_x,-0.316770,g,GOOD,2039
1700000002.040000,sim-pump-01,vibration_x,0.053310,g,GOOD,2040
1700000002.041000,sim-pump-01,vibration_x,0.362703,g,GOOD,2041
1700000002.042000,sim-pump-01,vibration_x,0.725943,g,GOOD,2042
1700000002.043000,sim-pump-01,vibration_x,1.005661,g,GOOD,2043
1700000002.044000,sim-pump-01,vibration_x,1.120154,g,GOOD,2044
1700000002.045000,sim-pump-01,vibration_x,1.253019,g,GOOD,2045
1700000002.046000,sim-pump-01,vibration_x,1.236405,g,GOOD,2046
1700000002.047000,sim-pump-01,vibration_x,1.223900,g,GOOD,2047
1700000002.048000,sim-pump-01,vibration_x,1.100382,g,GOOD,2048
1700000002.049000,sim-pump-01,vibration_x,0.973232,g,GOOD,2049
1700000002.050000,sim-pump-01,vibration_x,0.805716,g,GOOD,2050
1700000002.051000,sim-pump-01,vibration_x,0.759247,g,GOOD,2051
1700000002.052000,sim-pump-01,vibration_x,0.661667,g,GOOD,2052
1700000002.053000,sim-pump-01,vibration_x,0.640502,g,GOOD,2053
1700000002.054000,sim-pump-01,vibration_x,0.434203,g,GOOD,2054
1700000002.055000,sim-pump-01,vibration_x,0.409343,g,GOOD,2055
1700000002.056000,sim-pump-01,vibration_x,0.293331,g,GOOD,2056
1700000002.057000,sim-pump-01,vibration_x,0.193286,g,GOOD,2057
1700000002.058000,sim-pump-01,vibration_x,0.235417,g,GOOD,2058
1700000002.059000,sim-pump-01,vibration_x,0.077347,g,GOOD,2059
1700000002.060000,sim-pump-01,vibration_x,0.005393,g,GOOD,2060
1700000002.061000,sim-pump-01,vibration_x,-0.118900,g,GOOD,2061
1700000002.062000,sim-pump-01,vibration_x,-0.232232,g,GOOD,2062
1700000002.063000,sim-pump-01,vibration_x,-0.308761,g,GOOD,2063
1700000002.064000,sim-pump-01,vibration_x,-0.380848,g,GOOD,2064
1700000002.065000,sim-pump-01,vibration_x,-0.382488,g,GOOD,2065
1700000002.066000,sim-pump-01,vibration_x,-0.435829,g,GOOD,2066
1700000002.067000,sim-pump-01,vibration_x,-0.573516,g,GOOD,2067
1700000002.068000,sim-pump-01,vibration_x,-0.650413,g,GOOD,2068
1700000002.069000,sim-pump-01,vibration_x,-0.751975,g,GOOD,2069
1700000002.070000,sim-pump-01,vibration_x,-0.852801,g,GOOD,2070
1700000002.071000,sim-pump-01,vibration_x,-1.006182,g,GOOD,2071
1700000002.072000,sim-pump-01,vibration_x,-1.044202,g,GOOD,2072
1700000002.073000,sim-pump-01,vibration_x,-1.150212,g,GOOD,2073
1700000002.074000,sim-pump-01,vibration_x,-1.262913,g,GOOD,2074
1700000002.075000,sim-pump-01,vibration_x,-1.224518,g,GOOD,2075
1700000002.076000,sim-pump-01,vibration_x,-1.159853,g,GOOD,2076
1700000002.077000,sim-pump-01,vibration_x,-0.896771,g,GOOD,2077
1700000002.078000,sim-pump-01,vibration_x,-0.630148,g,GOOD,2078
1700000002.079000,sim-pump-01,vibration_x,-0.431013,g,GOOD,2079
1700000002.080000,sim-pump-01,vibration_x,0.023201,g,GOOD,2080
1700000002.081000,sim-pump-01,vibration_x,0.406670,g,GOOD,2081
1700000002.082000,sim-pump-01,vibration_x,0.660433,g,GOOD,2082
1700000002.083000,sim-pump-01,vibration_x,0.894798,g,GOOD,2083
1700000002.084000,sim-pump-01,vibration_x,1.067933,g,GOOD,2084
1700000002.085000,sim-pump-01,vibration_x,1.270939,g,GOOD,2085
1700000002.086000,sim-pump-01,vibration_x,1.174450,g,GOOD,2086
1700000002.087000,sim-pump-01,vibration_x,1.183923,g,GOOD,2087
1700000002.088000,sim-pump-01,vibration_x,1.162560,g,GOOD,2088
1700000002.089000,sim-pump-01,vibration_x,1.061758,g,GOOD,2089
1700000002.090000,sim-pump-01,vibration_x,0.837987,g,GOOD,2090
1700000002.091000,sim-pump-01,vibration_x,0.642510,g,GOOD,2091
1700000002.092000,sim-pump-01,vibration_x,0.646352,g,GOOD,2092
1700000002.093000,sim-pump-01,vibration_x,0.548987,g,GOOD,2093
1700000002.094000,sim-pump-01,vibration_x,0.338620,g,GOOD,2094
1700000002.095000,sim-pump-01,vibration_x,0.421061,g,GOOD,2095
1700000002.096000,sim-pump-01,vibration_x,0.372413,g,GOOD,2096
1700000002.097000,sim-pump-01,vibration_x,0.279684,g,GOOD,2097
1700000002.098000,sim-pump-01,vibration_x,0.220972,g,GOOD,2098
1700000002.099000,sim-pump-01,vibration_x,0.123101,g,GOOD,2099
1700000002.100000,sim-pump-01,vibration_x,-0.037717,g,GOOD,2100
1700000002.101000,sim-pump-01,vibration_x,-0.134121,g,GOOD,2101
1700000002.102000,sim-pump-01,vibration_x,-0.183114,g,GOOD,2102
1700000002.103000,sim-pump-01,vibration_x,-0.193072,g,GOOD,2103
1700000002.104000,sim-pump-01,vibration_x,-0.385480,g,GOOD,2104
1700000002.105000,sim-pump-01,vibration_x,-0.308541,g,GOOD,2105
1700000002.106000,sim-pump-01,vibration_x,-0.513747,g,GOOD,2106
1700000002.107000,sim-pump-01,vibration_x,-0.507367,g,GOOD,2107
1700000002.108000,sim-pump-01,vibration_x,-0.568989,g,GOOD,2108
1700000002.109000,sim-pump-01,vibration_x,-0.738878,g,GOOD,2109
1700000002.110000,sim-pump-01,vibration_x,-0.852453,g,GOOD,2110
1700000002.111000,sim-pump-01,vibration_x,-1.055072,g,GOOD,2111
1700000002.112000,sim-pump-01,vibration_x,-1.109449,g,GOOD,2112
1700000002.113000,sim-pump-01,vibration_x,-1.112364,g,GOOD,2113
1700000002.114000,sim-pump-01,vibration_x,-1.141325,g,GOOD,2114
1700000002.115000,sim-pump-01,vibration_x,-1.148171,g,GOOD,2115
1700000002.116000,sim-pump-01,vibration_x,-1.025994,g,GOOD,2116
1700000002.117000,sim-pump-01,vibration_x,-0.904330,g,GOOD,2117
1700000002.118000,sim-pump-01,vibration_x,-0.723615,g,GOOD,2118
1700000002.119000,sim-pump-01,vibration_x,-0.389261,g,GOOD,2119
1700000002.120000,sim-pump-01,vibration_x,0.025822,g,GOOD,2120
1700000002.121000,sim-pump-01,vibration_x,0.380197,g,GOOD,2121
1700000002.122000,sim-pump-01,vibration_x,0.779597,g,GOOD,2122
1700000002.123000,sim-pump-01,vibration_x,0.941209,g,GOOD,2123
1700000002.124000,sim-pump-01,vibration_x,1.106651,g,GOOD,2124
1700000002.125000,sim-pump-01,vibration_x,1.253363,g,GOOD,2125
1700000002.126000,sim-pump-01,vibration_x,1.245402,g,GOOD,2126
1700000002.127000,sim-pump-01,vibration_x,1.236565,g,GOOD,2127
1700000002.128000,sim-pump-01,vibration_x,1.025777,g,GOOD,2128
1700000002.129000,sim-pump-01,vibration_x,0.958293,g,GOOD,2129
1700000002.130000,sim-pump-01,vibration_x,0.859608,g,GOOD,2130
1700000002.131000,sim-pump-01,vibration_x,0.694786,g,GOOD,2131
1700000002.132000,sim-pump-01,vibration_x,0.648324,g,GOOD,2132
1700000002.133000,sim-pump-01,vibration_x,0.561493,g,GOOD,2133
1700000002.134000,sim-pump-01,vibration_x,0.456700,g,GOOD,2134
1700000002.135000,sim-pump-01,vibration_x,0.387324,g,GOOD,2135
1700000002.136000,sim-pump-01,vibration_x,0.338705,g,GOOD,2136
1700000002.137000,sim-pump-01,vibration_x,0.297849,g,GOOD,2137
1700000002.138000,sim-pump-01,vibration_x,0.168185,g,GOOD,2138
1700000002.139000,sim-pump-01,vibration_x,0.003522,g,GOOD,2139
1700000002.140000,sim-pump-01,vibration_x,0.015288,g,GOOD,2140
1700000002.141000,sim-pump-01,vibration_x,-0.170354,g,GOOD,2141
1700000002.142000,sim-pump-01,vibration_x,-0.143603,g,GOOD,2142
1700000002.143000,sim-pump-01,vibration_x,-0.140728,g,GOOD,2143
1700000002.144000,sim-pump-01,vibration_x,-0.398723,g,GOOD,2144
1700000002.145000,sim-pump-01,vibration_x,-0.319077,g,GOOD,2145
1700000002.146000,sim-pump-01,vibration_x,-0.460207,g,GOOD,2146
1700000002.147000,sim-pump-01,vibration_x,-0.546533,g,GOOD,2147
1700000002.148000,sim-pump-01,vibration_x,-0.674966,g,GOOD,2148
1700000002.149000,sim-pump-01,vibration_x,-0.682961,g,GOOD,2149
1700000002.150000,sim-pump-01,vibration_x,-0.838728,g,GOOD,2150
1700000002.151000,sim-pump-01,vibration_x,-0.966497,g,GOOD,2151
1700000002.152000,sim-pump-01,vibration_x,-1.086136,g,GOOD,2152
1700000002.153000,sim-pump-01,vibration_x,-1.198119,g,GOOD,2153
1700000002.154000,sim-pump-01,vibration_x,-1.237103,g,GOOD,2154
1700000002.155000,sim-pump-01,vibration_x,-1.152137,g,GOOD,2155
1700000002.156000,sim-pump-01,vibration_x,-1.140431,g,GOOD,2156
1700000002.157000,sim-pump-01,vibration_x,-1.002148,g,GOOD,2157
1700000002.158000,sim-pump-01,vibration_x,-0.670547,g,GOOD,2158
1700000002.159000,sim-pump-01,vibration_x,-0.337595,g,GOOD,2159
1700000002.160000,sim-pump-01,vibration_x,0.013692,g,GOOD,2160
1700000002.161000,sim-pump-01,vibration_x,0.411569,g,GOOD,2161
1700000002.162000,sim-pump-01,vibration_x,0.676932,g,GOOD,2162
1700000002.163000,sim-pump-01,vibration_x,0.842010,g,GOOD,2163
1700000002.164000,sim-pump-01,vibration_x,1.039537,g,GOOD,2164
1700000002.165000,sim-pump-01,vibration_x,1.302695,g,GOOD,2165
1700000002.166000,sim-pump-01,vibration_x,1.227396,g,GOOD,2166
1700000002.167000,sim-pump-01,vibration_x,1.173127,g,GOOD,2167
1700000002.168000,sim-pump-01,vibration_x,1.059619,g,GOOD,2168
1700000002.169000,sim-pump-01,vibration_x,1.010509,g,GOOD,2169
1700000002.170000,sim-pump-01,vibration_x,0.784809,g,GOOD,2170
1700000002.171000,sim-pump-01,vibration_x,0.719263,g,GOOD,2171
1700000002.172000,sim-pump-01,vibration_x,0.615175,g,GOOD,2172
1700000002.173000,sim-pump-01,vibration_x,0.540399,g,GOOD,2173
1700000002.174000,sim-pump-01,vibration_x,0.452246,g,GOOD,2174
1700000002.175000,sim-pump-01,vibration_x,0.430890,g,GOOD,2175
1700000002.176000,sim-pump-01,vibration_x,0.397667,g,GOOD,2176
1700000002.177000,sim-pump-01,vibration_x,0.283640,g,GOOD,2177
1700000002.178000,sim-pump-01,vibration_x,0.292141,g,GOOD,2178
1700000002.179000,sim-pump-01,vibration_x,0.182701,g,GOOD,2179
1700000002.180000,sim-pump-01,vibration_x,-0.028000,g,GOOD,2180
1700000002.181000,sim-pump-01,vibration_x,-0.055822,g,GOOD,2181
1700000002.182000,sim-pump-01,vibration_x,-0.134074,g,GOOD,2182
1700000002.183000,sim-pump-01,vibration_x,-0.434145,g,GOOD,2183
1700000002.184000,sim-pump-01,vibration_x,-0.396708,g,GOOD,2184
1700000002.185000,sim-pump-01,vibration_x,-0.310697,g,GOOD,2185
1700000002.186000,sim-pump-01,vibration_x,-0.461253,g,GOOD,2186
1700000002.187000,sim-pump-01,vibration_x,-0.563098,g,GOOD,2187
1700000002.188000,sim-pump-01,vibration_x,-0.577994,g,GOOD,2188
1700000002.189000,sim-pump-01,vibration_x,-0.800842,g,GOOD,2189
1700000002.190000,sim-pump-01,vibration_x,-0.908732,g,GOOD,2190
1700000002.191000,sim-pump-01,vibration_x,-0.968319,g,GOOD,2191
1700000002.192000,sim-pump-01,vibration_x,-1.071417,g,GOOD,2192
1700000002.193000,sim-pump-01,vibration_x,-1.203478,g,GOOD,2193
1700000002.194000,sim-pump-01,vibration_x,-1.181887,g,GOOD,2194
1700000002.195000,sim-pump-01,vibration_x,-1.227790,g,GOOD,2195
1700000002.196000,sim-pump-01,vibration_x,-1.110256,g,GOOD,2196
1700000002.197000,sim-pump-01,vibration_x,-0.972803,g,GOOD,2197
1700000002.198000,sim-pump-01,vibration_x,-0.686238,g,GOOD,2198
1700000002.199000,sim-pump-01,vibration_x,-0.374040,g,GOOD,2199
1700000002.200000,sim-pump-01,vibration_x,0.050255,g,GOOD,2200
1700000002.201000,sim-pump-01,vibration_x,0.335574,g,GOOD,2201
1700000002.202000,sim-pump-01,vibration_x,0.619379,g,GOOD,2202
1700000002.203000,sim-pump-01,vibration_x,0.829016,g,GOOD,2203
1700000002.204000,sim-pump-01,vibration_x,1.141750,g,GOOD,2204
1700000002.205000,sim-pump-01,vibration_x,1.217307,g,GOOD,2205
1700000002.206000,sim-pump-01,vibration_x,1.303402,g,GOOD,2206
1700000002.207000,sim-pump-01,vibration_x,1.165629,g,GOOD,2207
1700000002.208000,sim-pump-01,vibration_x,1.076555,g,GOOD,2208
1700000002.209000,sim-pump-01,vibration_x,0.956811,g,GOOD,2209
1700000002.210000,sim-pump-01,vibration_x,0.857810,g,GOOD,2210
1700000002.211000,sim-pump-01,vibration_x,0.665825,g,GOOD,2211
1700000002.212000,sim-pump-01,vibration_x,0.588122,g,GOOD,2212
1700000002.213000,sim-pump-01,vibration_x,0.398288,g,GOOD,2213
1700000002.214000,sim-pump-01,vibration_x,0.431811,g,GOOD,2214
1700000002.215000,sim-pump-01,vibration_x,0.399314,g,GOOD,2215
1700000002.216000,sim-pump-01,vibration_x,0.310132,g,GOOD,2216
1700000002.217000,sim-pump-01,vibration_x,0.242716,g,GOOD,2217
1700000002.218000,sim-pump-01,vibration_x,0.169393,g,GOOD,2218
1700000002.219000,sim-pump-01,vibration_x,-0.019535,g,GOOD,2219
1700000002.220000,sim-pump-01,vibration_x,-0.002757,g,GOOD,2220
1700000002.221000,sim-pump-01,vibration_x,-0.039888,g,GOOD,2221
1700000002.222000,sim-pump-01,vibration_x,-0.256623,g,GOOD,2222
1700000002.223000,sim-pump-01,vibration_x,-0.298780,g,GOOD,2223
1700000002.224000,sim-pump-01,vibration_x,-0.348079,g,GOOD,2224
1700000002.225000,sim-pump-01,vibration_x,-0.437952,g,GOOD,2225
1700000002.226000,sim-pump-01,vibration_x,-0.524222,g,GOOD,2226
1700000002.227000,sim-pump-01,vibration_x,-0.526186,g,GOOD,2227
1700000002.228000,sim-pump-01,vibration_x,-0.696923,g,GOOD,2228
1700000002.229000,sim-pump-01,vibration_x,-0.684944,g,GOOD,2229
1700000002.230000,sim-pump-01,vibration_x,-0.901524,g,GOOD,2230
1700000002.231000,sim-pump-01,vibration_x,-0.864055,g,GOOD,2231
1700000002.232000,sim-pump-01,vibration_x,-1.217865,g,GOOD,2232
1700000002.233000,sim-pump-01,vibration_x,-1.216565,g,GOOD,2233
1700000002.234000,sim-pump-01,vibration_x,-1.279805,g,GOOD,2234
1700000002.235000,sim-pump-01,vibration_x,-1.199236,g,GOOD,2235
1700000002.236000,sim-pump-01,vibration_x,-1.090703,g,GOOD,2236
1700000002.237000,sim-pump-01,vibration_x,-0.943181,g,GOOD,2237
1700000002.238000,sim-pump-01,vibration_x,-0.618391,g,GOOD,2238
1700000002.239000,sim-pump-01,vibration_x,-0.358061,g,GOOD,2239
1700000002.240000,sim-pump-01,vibration_x,-0.082293,g,GOOD,2240
1700000002.241000,sim-pump-01,vibration_x,0.407131,g,GOOD,2241
1700000002.242000,sim-pump-01,vibration_x,0.653418,g,GOOD,2242
1700000002.243000,sim-pump-01,vibration_x,1.013776,g,GOOD,2243
1700000002.244000,sim-pump-01,vibration_x,1.091955,g,GOOD,2244
1700000002.245000,sim-pump-01,vibration_x,1.244119,g,GOOD,2245
1700000002.246000,sim-pump-01,vibration_x,1.297331,g,GOOD,2246
1700000002.247000,sim-pump-01,vibration_x,1.143247,g,GOOD,2247
1700000002.248000,sim-pump-01,vibration_x,1.057419,g,GOOD,2248
1700000002.249000,sim-pump-01,vibration_x,0.937772,g,GOOD,2249
1700000002.250000,sim-pump-01,vibration_x,0.815442,g,GOOD,2250
1700000002.251000,sim-pump-01,vibration_x,0.744332,g,GOOD,2251
1700000002.252000,sim-pump-01,vibration_x,0.701810,g,GOOD,2252
1700000002.253000,sim-pump-01,vibration_x,0.487545,g,GOOD,2253
1700000002.254000,sim-pump-01,vibration_x,0.585116,g,GOOD,2254
1700000002.255000,sim-pump-01,vibration_x,0.276823,g,GOOD,2255
1700000002.256000,sim-pump-01,vibration_x,0.369389,g,GOOD,2256
1700000002.257000,sim-pump-01,vibration_x,0.327309,g,GOOD,2257
1700000002.258000,sim-pump-01,vibration_x,0.176346,g,GOOD,2258
1700000002.259000,sim-pump-01,vibration_x,0.169983,g,GOOD,2259
1700000002.260000,sim-pump-01,vibration_x,-0.040549,g,GOOD,2260
1700000002.261000,sim-pump-01,vibration_x,-0.092643,g,GOOD,2261
1700000002.262000,sim-pump-01,vibration_x,-0.212315,g,GOOD,2262
1700000002.263000,sim-pump-01,vibration_x,-0.273753,g,GOOD,2263
1700000002.264000,sim-pump-01,vibration_x,-0.424376,g,GOOD,2264
1700000002.265000,sim-pump-01,vibration_x,-0.472949,g,GOOD,2265
1700000002.266000,sim-pump-01,vibration_x,-0.490450,g,GOOD,2266
1700000002.267000,sim-pump-01,vibration_x,-0.488805,g,GOOD,2267
1700000002.268000,sim-pump-01,vibration_x,-0.671833,g,GOOD,2268
1700000002.269000,sim-pump-01,vibration_x,-0.710992,g,GOOD,2269
1700000002.270000,sim-pump-01,vibration_x,-0.812762,g,GOOD,2270
1700000002.271000,sim-pump-01,vibration_x,-1.010539,g,GOOD,2271
1700000002.272000,sim-pump-01,vibration_x,-1.172543,g,GOOD,2272
1700000002.273000,sim-pump-01,vibration_x,-1.234177,g,GOOD,2273
1700000002.274000,sim-pump-01,vibration_x,-1.213033,g,GOOD,2274
1700000002.275000,sim-pump-01,vibration_x,-1.176539,g,GOOD,2275
1700000002.276000,sim-pump-01,vibration_x,-1.119974,g,GOOD,2276
1700000002.277000,sim-pump-01,vibration_x,-0.873948,g,GOOD,2277
1700000002.278000,sim-pump-01,vibration_x,-0.619907,g,GOOD,2278
1700000002.279000,sim-pump-01,vibration_x,-0.256820,g,GOOD,2279
1700000002.280000,sim-pump-01,vibration_x,0.061408,g,GOOD,2280
1700000002.281000,sim-pump-01,vibration_x,0.285594,g,GOOD,2281
1700000002.282000,sim-pump-01,vibration_x,0.640869,g,GOOD,2282
1700000002.283000,sim-pump-01,vibration_x,0.878030,g,GOOD,2283
1700000002.284000,sim-pump-01,vibration_x,1.105317,g,GOOD,2284
1700000002.285000,sim-pump-01,vibration_x,1.341985,g,GOOD,2285
1700000002.286000,sim-pump-01,vibration_x,1.282809,g,GOOD,2286
1700000002.287000,sim-pump-01,vibration_x,1.217850,g,GOOD,2287
1700000002.288000,sim-pump-01,vibration_x,1.149012,g,GOOD,2288
1700000002.289000,sim-pump-01,vibration_x,0.979213,g,GOOD,2289
1700000002.290000,sim-pump-01,vibration_x,0.931774,g,GOOD,2290
1700000002.291000,sim-pump-01,vibration_x,0.681156,g,GOOD,2291
1700000002.292000,sim-pump-01,vibration_x,0.552696,g,GOOD,2292
1700000002.293000,sim-pump-01,vibration_x,0.659432,g,GOOD,2293
1700000002.294000,sim-pump-01,vibration_x,0.540665,g,GOOD,2294
1700000002.295000,sim-pump-01,vibration_x,0.395014,g,GOOD,2295
1700000002.296000,sim-pump-01,vibration_x,0.353014,g,GOOD,2296
1700000002.297000,sim-pump-01,vibration_x,0.340005,g,GOOD,2297
1700000002.298000,sim-pump-01,vibration_x,0.202191,g,GOOD,2298
1700000002.299000,sim-pump-01,vibration_x,0.078913,g,GOOD,2299
1700000002.300000,sim-pump-01,vibration_x,-0.001532,g,GOOD,2300
1700000002.301000,sim-pump-01,vibration_x,-0.012098,g,GOOD,2301
1700000002.302000,sim-pump-01,vibration_x,-0.163995,g,GOOD,2302
1700000002.303000,sim-pump-01,vibration_x,-0.231946,g,GOOD,2303
1700000002.304000,sim-pump-01,vibration_x,-0.324739,g,GOOD,2304
1700000002.305000,sim-pump-01,vibration_x,-0.451640,g,GOOD,2305
1700000002.306000,sim-pump-01,vibration_x,-0.457721,g,GOOD,2306
1700000002.307000,sim-pump-01,vibration_x,-0.556138,g,GOOD,2307
1700000002.308000,sim-pump-01,vibration_x,-0.577634,g,GOOD,2308
1700000002.309000,sim-pump-01,vibration_x,-0.733859,g,GOOD,2309
1700000002.310000,sim-pump-01,vibration_x,-0.815366,g,GOOD,2310
1700000002.311000,sim-pump-01,vibration_x,-0.988579,g,GOOD,2311
1700000002.312000,sim-pump-01,vibration_x,-1.066067,g,GOOD,2312
1700000002.313000,sim-pump-01,vibration_x,-1.194561,g,GOOD,2313
1700000002.314000,sim-pump-01,vibration_x,-1.170218,g,GOOD,2314
1700000002.315000,sim-pump-01,vibration_x,-1.149272,g,GOOD,2315
1700000002.316000,sim-pump-01,vibration_x,-0.991225,g,GOOD,2316
1700000002.317000,sim-pump-01,vibration_x,-0.914232,g,GOOD,2317
1700000002.318000,sim-pump-01,vibration_x,-0.671948,g,GOOD,2318
1700000002.319000,sim-pump-01,vibration_x,-0.310657,g,GOOD,2319
1700000002.320000,sim-pump-01,vibration_x,0.126511,g,GOOD,2320
1700000002.321000,sim-pump-01,vibration_x,0.318909,g,GOOD,2321
1700000002.322000,sim-pump-01,vibration_x,0.643920,g,GOOD,2322
1700000002.323000,sim-pump-01,vibration_x,0.872639,g,GOOD,2323
1700000002.324000,sim-pump-01,vibration_x,1.080165,g,GOOD,2324
1700000002.325000,sim-pump-01,vibration_x,1.294306,g,GOOD,2325
1700000002.326000,sim-pump-01,vibration_x,1.200937,g,GOOD,2326
1700000002.327000,sim-pump-01,vibration_x,1.190083,g,GOOD,2327
1700000002.328000,sim-pump-01,vibration_x,1.091456,g,GOOD,2328
1700000002.329000,sim-pump-01,vibration_x,1.009195,g,GOOD,2329
1700000002.330000,sim-pump-01,vibration_x,0.840144,g,GOOD,2330
1700000002.331000,sim-pump-01,vibration_x,0.751048,g,GOOD,2331
1700000002.332000,sim-pump-01,vibration_x,0.739310,g,GOOD,2332
1700000002.333000,sim-pump-01,vibration_x,0.559884,g,GOOD,2333
1700000002.334000,sim-pump-01,vibration_x,0.516820,g,GOOD,2334
1700000002.335000,sim-pump-01,vibration_x,0.433443,g,GOOD,2335
1700000002.336000,sim-pump-01,vibration_x,0.420670,g,GOOD,2336
1700000002.337000,sim-pump-01,vibration_x,0.285951,g,GOOD,2337
1700000002.338000,sim-pump-01,vibration_x,0.192543,g,GOOD,2338
1700000002.339000,sim-pump-01,vibration_x,0.110743,g,GOOD,2339
1700000002.340000,sim-pump-01,vibration_x,-0.008443,g,GOOD,2340
1700000002.341000,sim-pump-01,vibration_x,-0.087792,g,GOOD,2341
1700000002.342000,sim-pump-01,vibration_x,-0.214218,g,GOOD,2342
1700000002.343000,sim-pump-01,vibration_x,-0.300942,g,GOOD,2343
1700000002.344000,sim-pump-01,vibration_x,-0.327094,g,GOOD,2344
1700000002.345000,sim-pump-01,vibration_x,-0.333220,g,GOOD,2345
1700000002.346000,sim-pump-01,vibration_x,-0.427196,g,GOOD,2346
1700000002.347000,sim-pump-01,vibration_x,-0.480110,g,GOOD,2347
1700000002.348000,sim-pump-01,vibration_x,-0.599845,g,GOOD,2348
1700000002.349000,sim-pump-01,vibration_x,-0.762841,g,GOOD,2349
1700000002.350000,sim-pump-01,vibration_x,-0.908056,g,GOOD,2350
1700000002.351000,sim-pump-01,vibration_x,-0.942653,g,GOOD,2351
1700000002.352000,sim-pump-01,vibration_x,-1.078968,g,GOOD,2352
1700000002.353000,sim-pump-01,vibration_x,-1.185877,g,GOOD,2353
1700000002.354000,sim-pump-01,vibration_x,-1.316206,g,GOOD,2354
1700000002.355000,sim-pump-01,vibration_x,-1.210968,g,GOOD,2355
1700000002.356000,sim-pump-01,vibration_x,-1.155656,g,GOOD,2356
1700000002.357000,sim-pump-01,vibration_x,-0.972639,g,GOOD,2357
1700000002.358000,sim-pump-01,vibration_x,-0.681724,g,GOOD,2358
1700000002.359000,sim-pump-01,vibration_x,-0.312449,g,GOOD,2359
1700000002.360000,sim-pump-01,vibration_x,0.013576,g,GOOD,2360
1700000002.361000,sim-pump-01,vibration_x,0.403590,g,GOOD,2361
1700000002.362000,sim-pump-01,vibration_x,0.671273,g,GOOD,2362
1700000002.363000,sim-pump-01,vibration_x,0.960684,g,GOOD,2363
1700000002.364000,sim-pump-01,vibration_x,1.234504,g,GOOD,2364
1700000002.365000,sim-pump-01,vibration_x,1.148485,g,GOOD,2365
1700000002.366000,sim-pump-01,vibration_x,1.251556,g,GOOD,2366
1700000002.367000,sim-pump-01,vibration_x,1.227378,g,GOOD,2367
1700000002.368000,sim-pump-01,vibration_x,1.112126,g,GOOD,2368
1700000002.369000,sim-pump-01,vibration_x,0.992911,g,GOOD,2369
1700000002.370000,sim-pump-01,vibration_x,0.811981,g,GOOD,2370
1700000002.371000,sim-pump-01,vibration_x,0.723989,g,GOOD,2371
1700000002.372000,sim-pump-01,vibration_x,0.616736,g,GOOD,2372
1700000002.373000,sim-pump-01,vibration_x,0.488929,g,GOOD,2373
1700000002.374000,sim-pump-01,vibration_x,0.550896,g,GOOD,2374
1700000002.375000,sim-pump-01,vibration_x,0.407432,g,GOOD,2375
1700000002.376000,sim-pump-01,vibration_x,0.366902,g,GOOD,2376
1700000002.377000,sim-pump-01,vibration_x,0.410231,g,GOOD,2377
1700000002.378000,sim-pump-01,vibration_x,0.150294,g,GOOD,2378
1700000002.379000,sim-pump-01,vibration_x,0.120214,g,GOOD,2379
1700000002.380000,sim-pump-01,vibration_x,-0.033899,g,GOOD,2380
1700000002.381000,sim-pump-01,vibration_x,-0.139188,g,GOOD,2381
1700000002.382000,sim-pump-01,vibration_x,-0.199031,g,GOOD,2382
1700000002.383000,sim-pump-01,vibration_x,-0.231506,g,GOOD,2383
1700000002.384000,sim-pump-01,vibration_x,-0.400589,g,GOOD,2384
1700000002.385000,sim-pump-01,vibration_x,-0.362792,g,GOOD,2385
1700000002.386000,sim-pump-01,vibration_x,-0.475368,g,GOOD,2386
1700000002.387000,sim-pump-01,vibration_x,-0.521946,g,GOOD,2387
1700000002.388000,sim-pump-01,vibration_x,-0.579909,g,GOOD,2388
1700000002.389000,sim-pump-01,vibration_x,-0.840992,g,GOOD,2389
1700000002.390000,sim-pump-01,vibration_x,-0.928097,g,GOOD,2390
1700000002.391000,sim-pump-01,vibration_x,-0.851032,g,GOOD,2391
1700000002.392000,sim-pump-01,vibration_x,-1.029210,g,GOOD,2392
1700000002.393000,sim-pump-01,vibration_x,-1.213647,g,GOOD,2393
1700000002.394000,sim-pump-01,vibration_x,-1.213006,g,GOOD,2394
1700000002.395000,sim-pump-01,vibration_x,-1.161960,g,GOOD,2395
1700000002.396000,sim-pump-01,vibration_x,-1.124607,g,GOOD,2396
1700000002.397000,sim-pump-01,vibration_x,-0.939519,g,GOOD,2397
1700000002.398000,sim-pump-01,vibration_x,-0.646609,g,GOOD,2398
1700000002.399000,sim-pump-01,vibration_x,-0.401261,g,GOOD,2399
1700000002.400000,sim-pump-01,vibration_x,-0.000982,g,GOOD,2400
1700000002.401000,sim-pump-01,vibration_x,0.354997,g,GOOD,2401
1700000002.402000,sim-pump-01,vibration_x,0.686069,g,GOOD,2402
1700000002.403000,sim-pump-01,vibration_x,0.865011,g,GOOD,2403
1700000002.404000,sim-pump-01,vibration_x,1.096584,g,GOOD,2404
1700000002.405000,sim-pump-01,vibration_x,1.246121,g,GOOD,2405
1700000002.406000,sim-pump-01,vibration_x,1.221419,g,GOOD,2406
1700000002.407000,sim-pump-01,vibration_x,1.172728,g,GOOD,2407
1700000002.408000,sim-pump-01,vibration_x,1.087362,g,GOOD,2408
1700000002.409000,sim-pump-01,vibration_x,1.049741,g,GOOD,2409
1700000002.410000,sim-pump-01,vibration_x,0.836986,g,GOOD,2410
1700000002.411000,sim-pump-01,vibration_x,0.757032,g,GOOD,2411
1700000002.412000,sim-pump-01,vibration_x,0.647232,g,GOOD,2412
1700000002.413000,sim-pump-01,vibration_x,0.606829,g,GOOD,2413
1700000002.414000,sim-pump-01,vibration_x,0.406810,g,GOOD,2414
1700000002.415000,sim-pump-01,vibration_x,0.400973,g,GOOD,2415
1700000002.416000,sim-pump-01,vibration_x,0.355114,g,GOOD,2416
1700000002.417000,sim-pump-01,vibration_x,0.228681,g,GOOD,2417
1700000002.418000,sim-pump-01,vibration_x,0.165824,g,GOOD,2418
1700000002.419000,sim-pump-01,vibration_x,0.039398,g,GOOD,2419
1700000002.420000,sim-pump-01,vibration_x,0.035777,g,GOOD,2420
1700000002.421000,sim-pump-01,vibration_x,-0.090249,g,GOOD,2421
1700000002.422000,sim-pump-01,vibration_x,-0.212403,g,GOOD,2422
1700000002.423000,sim-pump-01,vibration_x,-0.276178,g,GOOD,2423
1700000002.424000,sim-pump-01,vibration_x,-0.336608,g,GOOD,2424
1700000002.425000,sim-pump-01,vibration_x,-0.424759,g,GOOD,2425
1700000002.426000,sim-pump-01,vibration_x,-0.435588,g,GOOD,2426
1700000002.427000,sim-pump-01,vibration_x,-0.488335,g,GOOD,2427
1700000002.428000,sim-pump-01,vibration_x,-0.530325,g,GOOD,2428
1700000002.429000,sim-pump-01,vibration_x,-0.686867,g,GOOD,2429
1700000002.430000,sim-pump-01,vibration_x,-0.948833,g,GOOD,2430
1700000002.431000,sim-pump-01,vibration_x,-0.917046,g,GOOD,2431
1700000002.432000,sim-pump-01,vibration_x,-1.038003,g,GOOD,2432
1700000002.433000,sim-pump-01,vibration_x,-1.167232,g,GOOD,2433
1700000002.434000,sim-pump-01,vibration_x,-1.221610,g,GOOD,2434
1700000002.435000,sim-pump-01,vibration_x,-1.147249,g,GOOD,2435
1700000002.436000,sim-pump-01,vibration_x,-1.127860,g,GOOD,2436
1700000002.437000,sim-pump-01,vibration_x,-0.917230,g,GOOD,2437
1700000002.438000,sim-pump-01,vibration_x,-0.767540,g,GOOD,2438
1700000002.439000,sim-pump-01,vibration_x,-0.325477,g,GOOD,2439
1700000002.440000,sim-pump-01,vibration_x,-0.094183,g,GOOD,2440
1700000002.441000,sim-pump-01,vibration_x,0.420894,g,GOOD,2441
1700000002.442000,sim-pump-01,vibration_x,0.575856,g,GOOD,2442
1700000002.443000,sim-pump-01,vibration_x,0.887128,g,GOOD,2443
1700000002.444000,sim-pump-01,vibration_x,1.209635,g,GOOD,2444
1700000002.445000,sim-pump-01,vibration_x,1.144767,g,GOOD,2445
1700000002.446000,sim-pump-01,vibration_x,1.208578,g,GOOD,2446
1700000002.447000,sim-pump-01,vibration_x,1.222542,g,GOOD,2447
1700000002.448000,sim-pump-01,vibration_x,1.050684,g,GOOD,2448
1700000002.449000,sim-pump-01,vibration_x,0.925497,g,GOOD,2449
1700000002.450000,sim-pump-01,vibration_x,0.907635,g,GOOD,2450
1700000002.451000,sim-pump-01,vibration_x,0.740186,g,GOOD,2451
1700000002.452000,sim-pump-01,vibration_x,0.695830,g,GOOD,2452
1700000002.453000,sim-pump-01,vibration_x,0.556218,g,GOOD,2453
1700000002.454000,sim-pump-01,vibration_x,0.440601,g,GOOD,2454
1700000002.455000,sim-pump-01,vibration_x,0.384089,g,GOOD,2455
1700000002.456000,sim-pump-01,vibration_x,0.373858,g,GOOD,2456
1700000002.457000,sim-pump-01,vibration_x,1.196947,g,GOOD,2457
1700000002.458000,sim-pump-01,vibration_x,0.674427,g,GOOD,2458
1700000002.459000,sim-pump-01,vibration_x,0.308403,g,GOOD,2459
1700000002.460000,sim-pump-01,vibration_x,-0.034678,g,GOOD,2460
1700000002.461000,sim-pump-01,vibration_x,-0.067895,g,GOOD,2461
1700000002.462000,sim-pump-01,vibration_x,-0.426204,g,GOOD,2462
1700000002.463000,sim-pump-01,vibration_x,-0.755837,g,GOOD,2463
1700000002.464000,sim-pump-01,vibration_x,-1.107013,g,GOOD,2464
1700000002.465000,sim-pump-01,vibration_x,-0.972112,g,GOOD,2465
1700000002.466000,sim-pump-01,vibration_x,-1.427672,g,GOOD,2466
1700000002.467000,sim-pump-01,vibration_x,-1.582367,g,GOOD,2467
1700000002.468000,sim-pump-01,vibration_x,-1.936399,g,GOOD,2468
1700000002.469000,sim-pump-01,vibration_x,-2.152645,g,GOOD,2469
1700000002.470000,sim-pump-01,vibration_x,-2.448577,g,GOOD,2470
1700000002.471000,sim-pump-01,vibration_x,-2.857046,g,GOOD,2471
1700000002.472000,sim-pump-01,vibration_x,-3.541500,g,GOOD,2472
1700000002.473000,sim-pump-01,vibration_x,-3.394851,g,GOOD,2473
1700000002.474000,sim-pump-01,vibration_x,-3.951315,g,GOOD,2474
1700000002.475000,sim-pump-01,vibration_x,-3.655755,g,GOOD,2475
1700000002.476000,sim-pump-01,vibration_x,-3.282724,g,GOOD,2476
1700000002.477000,sim-pump-01,vibration_x,-2.739437,g,GOOD,2477
1700000002.478000,sim-pump-01,vibration_x,-2.083774,g,GOOD,2478
1700000002.479000,sim-pump-01,vibration_x,-0.678228,g,GOOD,2479
1700000002.480000,sim-pump-01,vibration_x,0.279077,g,GOOD,2480
1700000002.481000,sim-pump-01,vibration_x,1.022617,g,GOOD,2481
1700000002.482000,sim-pump-01,vibration_x,2.082675,g,GOOD,2482
1700000002.483000,sim-pump-01,vibration_x,2.862336,g,GOOD,2483
1700000002.484000,sim-pump-01,vibration_x,3.441679,g,GOOD,2484
1700000002.485000,sim-pump-01,vibration_x,3.688949,g,GOOD,2485
1700000002.486000,sim-pump-01,vibration_x,3.533585,g,GOOD,2486
1700000002.487000,sim-pump-01,vibration_x,3.554803,g,GOOD,2487
1700000002.488000,sim-pump-01,vibration_x,3.024318,g,GOOD,2488
1700000002.489000,sim-pump-01,vibration_x,2.896020,g,GOOD,2489
1700000002.490000,sim-pump-01,vibration_x,2.404354,g,GOOD,2490
1700000002.491000,sim-pump-01,vibration_x,2.369066,g,GOOD,2491
1700000002.492000,sim-pump-01,vibration_x,1.699940,g,GOOD,2492
1700000002.493000,sim-pump-01,vibration_x,1.804497,g,GOOD,2493
1700000002.494000,sim-pump-01,vibration_x,1.297732,g,GOOD,2494
1700000002.495000,sim-pump-01,vibration_x,1.224357,g,GOOD,2495
1700000002.496000,sim-pump-01,vibration_x,1.002373,g,GOOD,2496
1700000002.497000,sim-pump-01,vibration_x,0.623837,g,GOOD,2497
1700000002.498000,sim-pump-01,vibration_x,0.407572,g,GOOD,2498
1700000002.499000,sim-pump-01,vibration_x,0.533635,g,GOOD,2499
1700000002.500000,sim-pump-01,vibration_x,0.160747,g,GOOD,2500
1700000002.501000,sim-pump-01,vibration_x,-0.111377,g,GOOD,2501
1700000002.502000,sim-pump-01,vibration_x,-0.629127,g,GOOD,2502
1700000002.503000,sim-pump-01,vibration_x,-1.084835,g,GOOD,2503
1700000002.504000,sim-pump-01,vibration_x,-1.234527,g,GOOD,2504
1700000002.505000,sim-pump-01,vibration_x,-1.097395,g,GOOD,2505
1700000002.506000,sim-pump-01,vibration_x,-1.479175,g,GOOD,2506
1700000002.507000,sim-pump-01,vibration_x,-1.593531,g,GOOD,2507
1700000002.508000,sim-pump-01,vibration_x,-1.701041,g,GOOD,2508
1700000002.509000,sim-pump-01,vibration_x,-2.193965,g,GOOD,2509
1700000002.510000,sim-pump-01,vibration_x,-2.623669,g,GOOD,2510
1700000002.511000,sim-pump-01,vibration_x,-2.985386,g,GOOD,2511
1700000002.512000,sim-pump-01,vibration_x,-3.203188,g,GOOD,2512
1700000002.513000,sim-pump-01,vibration_x,-3.494570,g,GOOD,2513
1700000002.514000,sim-pump-01,vibration_x,-3.846078,g,GOOD,2514
1700000002.515000,sim-pump-01,vibration_x,-3.558024,g,GOOD,2515
1700000002.516000,sim-pump-01,vibration_x,-3.189801,g,GOOD,2516
1700000002.517000,sim-pump-01,vibration_x,-2.812545,g,GOOD,2517
1700000002.518000,sim-pump-01,vibration_x,-2.009930,g,GOOD,2518
1700000002.519000,sim-pump-01,vibration_x,-1.096743,g,GOOD,2519
1700000002.520000,sim-pump-01,vibration_x,-0.206516,g,GOOD,2520
1700000002.521000,sim-pump-01,vibration_x,1.036643,g,GOOD,2521
1700000002.522000,sim-pump-01,vibration_x,2.102430,g,GOOD,2522
1700000002.523000,sim-pump-01,vibration_x,2.715706,g,GOOD,2523
1700000002.524000,sim-pump-01,vibration_x,3.132798,g,GOOD,2524
1700000002.525000,sim-pump-01,vibration_x,3.938763,g,GOOD,2525
1700000002.526000,sim-pump-01,vibration_x,3.748626,g,GOOD,2526
1700000002.527000,sim-pump-01,vibration_x,3.296795,g,GOOD,2527
1700000002.528000,sim-pump-01,vibration_x,3.317130,g,GOOD,2528
1700000002.529000,sim-pump-01,vibration_x,2.999262,g,GOOD,2529
1700000002.530000,sim-pump-01,vibration_x,2.338721,g,GOOD,2530
1700000002.531000,sim-pump-01,vibration_x,2.153754,g,GOOD,2531
1700000002.532000,sim-pump-01,vibration_x,1.890222,g,GOOD,2532
1700000002.533000,sim-pump-01,vibration_x,1.564431,g,GOOD,2533
1700000002.534000,sim-pump-01,vibration_x,1.409371,g,GOOD,2534
1700000002.535000,sim-pump-01,vibration_x,1.045229,g,GOOD,2535
1700000002.536000,sim-pump-01,vibration_x,1.115943,g,GOOD,2536
1700000002.537000,sim-pump-01,vibration_x,0.779345,g,GOOD,2537
1700000002.538000,sim-pump-01,vibration_x,0.600500,g,GOOD,2538
1700000002.539000,sim-pump-01,vibration_x,0.327371,g,GOOD,2539
1700000002.540000,sim-pump-01,vibration_x,-0.271244,g,GOOD,2540
1700000002.541000,sim-pump-01,vibration_x,-0.164054,g,GOOD,2541
1700000002.542000,sim-pump-01,vibration_x,-0.710612,g,GOOD,2542
1700000002.543000,sim-pump-01,vibration_x,-0.660268,g,GOOD,2543
1700000002.544000,sim-pump-01,vibration_x,-1.186105,g,GOOD,2544
1700000002.545000,sim-pump-01,vibration_x,-1.319947,g,GOOD,2545
1700000002.546000,sim-pump-01,vibration_x,-1.390470,g,GOOD,2546
1700000002.547000,sim-pump-01,vibration_x,-1.802461,g,GOOD,2547
1700000002.548000,sim-pump-01,vibration_x,-1.892912,g,GOOD,2548
1700000002.549000,sim-pump-01,vibration_x,-2.081449,g,GOOD,2549
1700000002.550000,sim-pump-01,vibration_x,-2.611909,g,GOOD,2550
1700000002.551000,sim-pump-01,vibration_x,-2.778404,g,GOOD,2551
1700000002.552000,sim-pump-01,vibration_x,-3.423666,g,GOOD,2552
1700000002.553000,sim-pump-01,vibration_x,-3.585428,g,GOOD,2553
1700000002.554000,sim-pump-01,vibration_x,-3.558802,g,GOOD,2554
1700000002.555000,sim-pump-01,vibration_x,-4.056455,g,GOOD,2555
1700000002.556000,sim-pump-01,vibration_x,-3.505747,g,GOOD,2556
1700000002.557000,sim-pump-01,vibration_x,-2.697963,g,GOOD,2557
1700000002.558000,sim-pump-01,vibration_x,-2.020621,g,GOOD,2558
1700000002.559000,sim-pump-01,vibration_x,-1.018580,g,GOOD,2559
1700000002.560000,sim-pump-01,vibration_x,0.081360,g,GOOD,2560
1700000002.561000,sim-pump-01,vibration_x,0.813350,g,GOOD,2561
1700000002.562000,sim-pump-01,vibration_x,2.278378,g,GOOD,2562
1700000002.563000,sim-pump-01,vibration_x,2.651399,g,GOOD,2563
1700000002.564000,sim-pump-01,vibration_x,3.285065,g,GOOD,2564
1700000002.565000,sim-pump-01,vibration_x,3.661540,g,GOOD,2565
1700000002.566000,sim-pump-01,vibration_x,3.844777,g,GOOD,2566
1700000002.567000,sim-pump-01,vibration_x,3.601124,g,GOOD,2567
1700000002.568000,sim-pump-01,vibration_x,3.350601,g,GOOD,2568
1700000002.569000,sim-pump-01,vibration_x,2.945254,g,GOOD,2569
1700000002.570000,sim-pump-01,vibration_x,2.282927,g,GOOD,2570
1700000002.571000,sim-pump-01,vibration_x,2.221920,g,GOOD,2571
1700000002.572000,sim-pump-01,vibration_x,1.897025,g,GOOD,2572
1700000002.573000,sim-pump-01,vibration_x,1.446379,g,GOOD,2573
1700000002.574000,sim-pump-01,vibration_x,1.568896,g,GOOD,2574
1700000002.575000,sim-pump-01,vibration_x,1.138868,g,GOOD,2575
1700000002.576000,sim-pump-01,vibration_x,1.108955,g,GOOD,2576
1700000002.577000,sim-pump-01,vibration_x,0.679600,g,GOOD,2577
1700000002.578000,sim-pump-01,vibration_x,0.551223,g,GOOD,2578
1700000002.579000,sim-pump-01,vibration_x,0.251858,g,GOOD,2579
1700000002.580000,sim-pump-01,vibration_x,-0.023811,g,GOOD,2580
1700000002.581000,sim-pump-01,vibration_x,-0.248505,g,GOOD,2581
1700000002.582000,sim-pump-01,vibration_x,-0.286090,g,GOOD,2582
1700000002.583000,sim-pump-01,vibration_x,-0.605749,g,GOOD,2583
1700000002.584000,sim-pump-01,vibration_x,-1.112115,g,GOOD,2584
1700000002.585000,sim-pump-01,vibration_x,-1.362186,g,GOOD,2585
1700000002.586000,sim-pump-01,vibration_x,-1.267285,g,GOOD,2586
1700000002.587000,sim-pump-01,vibration_x,-1.717544,g,GOOD,2587
1700000002.588000,sim-pump-01,vibration_x,-2.157539,g,GOOD,2588
1700000002.589000,sim-pump-01,vibration_x,-2.091315,g,GOOD,2589
1700000002.590000,sim-pump-01,vibration_x,-2.983512,g,GOOD,2590
1700000002.591000,sim-pump-01,vibration_x,-3.081868,g,GOOD,2591
1700000002.592000,sim-pump-01,vibration_x,-3.136560,g,GOOD,2592
1700000002.593000,sim-pump-01,vibration_x,-3.450763,g,GOOD,2593
1700000002.594000,sim-pump-01,vibration_x,-3.706205,g,GOOD,2594
1700000002.595000,sim-pump-01,vibration_x,-3.731651,g,GOOD,2595
1700000002.596000,sim-pump-01,vibration_x,-3.374515,g,GOOD,2596
1700000002.597000,sim-pump-01,vibration_x,-2.527971,g,GOOD,2597
1700000002.598000,sim-pump-01,vibration_x,-2.199967,g,GOOD,2598
1700000002.599000,sim-pump-01,vibration_x,-1.024501,g,GOOD,2599
1700000002.600000,sim-pump-01,vibration_x,-0.224849,g,GOOD,2600
1700000002.601000,sim-pump-01,vibration_x,1.219421,g,GOOD,2601
1700000002.602000,sim-pump-01,vibration_x,1.902179,g,GOOD,2602
1700000002.603000,sim-pump-01,vibration_x,2.743809,g,GOOD,2603
1700000002.604000,sim-pump-01,vibration_x,3.349492,g,GOOD,2604
1700000002.605000,sim-pump-01,vibration_x,3.497543,g,GOOD,2605
1700000002.606000,sim-pump-01,vibration_x,3.455636,g,GOOD,2606
1700000002.607000,sim-pump-01,vibration_x,3.297951,g,GOOD,2607
1700000002.608000,sim-pump-01,vibration_x,3.394016,g,GOOD,2608
1700000002.609000,sim-pump-01,vibration_x,2.970314,g,GOOD,2609
1700000002.610000,sim-pump-01,vibration_x,2.576245,g,GOOD,2610
1700000002.611000,sim-pump-01,vibration_x,2.363924,g,GOOD,2611
1700000002.612000,sim-pump-01,vibration_x,1.984853,g,GOOD,2612
1700000002.613000,sim-pump-01,vibration_x,1.775931,g,GOOD,2613
1700000002.614000,sim-pump-01,vibration_x,1.378906,g,GOOD,2614
1700000002.615000,sim-pump-01,vibration_x,1.194404,g,GOOD,2615
1700000002.616000,sim-pump-01,vibration_x,0.944530,g,GOOD,2616
1700000002.617000,sim-pump-01,vibration_x,0.853888,g,GOOD,2617
1700000002.618000,sim-pump-01,vibration_x,0.687742,g,GOOD,2618
1700000002.619000,sim-pump-01,vibration_x,0.281837,g,GOOD,2619
1700000002.620000,sim-pump-01,vibration_x,0.162632,g,GOOD,2620
1700000002.621000,sim-pump-01,vibration_x,-0.357590,g,GOOD,2621
1700000002.622000,sim-pump-01,vibration_x,-0.646025,g,GOOD,2622
1700000002.623000,sim-pump-01,vibration_x,-0.651337,g,GOOD,2623
1700000002.624000,sim-pump-01,vibration_x,-0.833079,g,GOOD,2624
1700000002.625000,sim-pump-01,vibration_x,-1.132387,g,GOOD,2625
1700000002.626000,sim-pump-01,vibration_x,-1.559431,g,GOOD,2626
1700000002.627000,sim-pump-01,vibration_x,-1.698820,g,GOOD,2627
1700000002.628000,sim-pump-01,vibration_x,-1.902836,g,GOOD,2628
1700000002.629000,sim-pump-01,vibration_x,-2.306422,g,GOOD,2629
1700000002.630000,sim-pump-01,vibration_x,-2.398477,g,GOOD,2630
1700000002.631000,sim-pump-01,vibration_x,-2.739228,g,GOOD,2631
1700000002.632000,sim-pump-01,vibration_x,-2.965226,g,GOOD,2632
1700000002.633000,sim-pump-01,vibration_x,-3.618642,g,GOOD,2633
1700000002.634000,sim-pump-01,vibration_x,-4.002202,g,GOOD,2634
1700000002.635000,sim-pump-01,vibration_x,-3.744450,g,GOOD,2635
1700000002.636000,sim-pump-01,vibration_x,-3.538275,g,GOOD,2636
1700000002.637000,sim-pump-01,vibration_x,-2.842415,g,GOOD,2637
1700000002.638000,sim-pump-01,vibration_x,-1.665393,g,GOOD,2638
1700000002.639000,sim-pump-01,vibration_x,-0.874282,g,GOOD,2639
1700000002.640000,sim-pump-01,vibration_x,0.233645,g,GOOD,2640
1700000002.641000,sim-pump-01,vibration_x,1.101450,g,GOOD,2641
1700000002.642000,sim-pump-01,vibration_x,1.989846,g,GOOD,2642
1700000002.643000,sim-pump-01,vibration_x,2.567966,g,GOOD,2643
1700000002.644000,sim-pump-01,vibration_x,3.333853,g,GOOD,2644
1700000002.645000,sim-pump-01,vibration_x,3.916680,g,GOOD,2645
1700000002.646000,sim-pump-01,vibration_x,3.549581,g,GOOD,2646
1700000002.647000,sim-pump-01,vibration_x,3.533226,g,GOOD,2647
1700000002.648000,sim-pump-01,vibration_x,3.158645,g,GOOD,2648
1700000002.649000,sim-pump-01,vibration_x,2.934080,g,GOOD,2649
1700000002.650000,sim-pump-01,vibration_x,2.671592,g,GOOD,2650
1700000002.651000,sim-pump-01,vibration_x,2.417159,g,GOOD,2651
1700000002.652000,sim-pump-01,vibration_x,2.035970,g,GOOD,2652
1700000002.653000,sim-pump-01,vibration_x,1.717055,g,GOOD,2653
1700000002.654000,sim-pump-01,vibration_x,1.460151,g,GOOD,2654
1700000002.655000,sim-pump-01,vibration_x,1.048558,g,GOOD,2655
1700000002.656000,sim-pump-01,vibration_x,1.149666,g,GOOD,2656
1700000002.657000,sim-pump-01,vibration_x,1.044558,g,GOOD,2657
1700000002.658000,sim-pump-01,vibration_x,0.677264,g,GOOD,2658
1700000002.659000,sim-pump-01,vibration_x,0.571524,g,GOOD,2659
1700000002.660000,sim-pump-01,vibration_x,0.153995,g,GOOD,2660
1700000002.661000,sim-pump-01,vibration_x,-0.358599,g,GOOD,2661
1700000002.662000,sim-pump-01,vibration_x,-0.629334,g,GOOD,2662
1700000002.663000,sim-pump-01,vibration_x,-0.971770,g,GOOD,2663
1700000002.664000,sim-pump-01,vibration_x,-0.924377,g,GOOD,2664
1700000002.665000,sim-pump-01,vibration_x,-1.103886,g,GOOD,2665
1700000002.666000,sim-pump-01,vibration_x,-1.440758,g,GOOD,2666
1700000002.667000,sim-pump-01,vibration_x,-1.756231,g,GOOD,2667
1700000002.668000,sim-pump-01,vibration_x,-1.674803,g,GOOD,2668
1700000002.669000,sim-pump-01,vibration_x,-2.490304,g,GOOD,2669
1700000002.670000,sim-pump-01,vibration_x,-2.486633,g,GOOD,2670
1700000002.671000,sim-pump-01,vibration_x,-3.233049,g,GOOD,2671
1700000002.672000,sim-pump-01,vibration_x,-3.345541,g,GOOD,2672
1700000002.673000,sim-pump-01,vibration_x,-3.748658,g,GOOD,2673
1700000002.674000,sim-pump-01,vibration_x,-3.706144,g,GOOD,2674
1700000002.675000,sim-pump-01,vibration_x,-3.390079,g,GOOD,2675
1700000002.676000,sim-pump-01,vibration_x,-3.655398,g,GOOD,2676
1700000002.677000,sim-pump-01,vibration_x,-2.921259,g,GOOD,2677
1700000002.678000,sim-pump-01,vibration_x,-1.981146,g,GOOD,2678
1700000002.679000,sim-pump-01,vibration_x,-1.060219,g,GOOD,2679
1700000002.680000,sim-pump-01,vibration_x,0.015672,g,GOOD,2680
1700000002.681000,sim-pump-01,vibration_x,1.099159,g,GOOD,2681
1700000002.682000,sim-pump-01,vibration_x,2.189577,g,GOOD,2682
1700000002.683000,sim-pump-01,vibration_x,2.775171,g,GOOD,2683
1700000002.684000,sim-pump-01,vibration_x,3.332764,g,GOOD,2684
1700000002.685000,sim-pump-01,vibration_x,3.666297,g,GOOD,2685
1700000002.686000,sim-pump-01,vibration_x,3.483021,g,GOOD,2686
1700000002.687000,sim-pump-01,vibration_x,3.613666,g,GOOD,2687
1700000002.688000,sim-pump-01,vibration_x,3.099866,g,GOOD,2688
1700000002.689000,sim-pump-01,vibration_x,2.911381,g,GOOD,2689
1700000002.690000,sim-pump-01,vibration_x,2.496126,g,GOOD,2690
1700000002.691000,sim-pump-01,vibration_x,2.307257,g,GOOD,2691
1700000002.692000,sim-pump-01,vibration_x,1.883757,g,GOOD,2692
1700000002.693000,sim-pump-01,vibration_x,1.700852,g,GOOD,2693
1700000002.694000,sim-pump-01,vibration_x,1.652877,g,GOOD,2694
1700000002.695000,sim-pump-01,vibration_x,1.238848,g,GOOD,2695
1700000002.696000,sim-pump-01,vibration_x,1.206307,g,GOOD,2696
1700000002.697000,sim-pump-01,vibration_x,0.996193,g,GOOD,2697
1700000002.698000,sim-pump-01,vibration_x,0.432899,g,GOOD,2698
1700000002.699000,sim-pump-01,vibration_x,0.344816,g,GOOD,2699
1700000002.700000,sim-pump-01,vibration_x,-0.011181,g,GOOD,2700
1700000002.701000,sim-pump-01,vibration_x,-0.267129,g,GOOD,2701
1700000002.702000,sim-pump-01,vibration_x,-0.499358,g,GOOD,2702
1700000002.703000,sim-pump-01,vibration_x,-0.968466,g,GOOD,2703
1700000002.704000,sim-pump-01,vibration_x,-1.033519,g,GOOD,2704
1700000002.705000,sim-pump-01,vibration_x,-1.223376,g,GOOD,2705
1700000002.706000,sim-pump-01,vibration_x,-1.569662,g,GOOD,2706
1700000002.707000,sim-pump-01,vibration_x,-1.828501,g,GOOD,2707
1700000002.708000,sim-pump-01,vibration_x,-1.707758,g,GOOD,2708
1700000002.709000,sim-pump-01,vibration_x,-2.192865,g,GOOD,2709
1700000002.710000,sim-pump-01,vibration_x,-2.410834,g,GOOD,2710
1700000002.711000,sim-pump-01,vibration_x,-2.723655,g,GOOD,2711
1700000002.712000,sim-pump-01,vibration_x,-3.268076,g,GOOD,2712
1700000002.713000,sim-pump-01,vibration_x,-3.548059,g,GOOD,2713
1700000002.714000,sim-pump-01,vibration_x,-3.473560,g,GOOD,2714
1700000002.715000,sim-pump-01,vibration_x,-3.714704,g,GOOD,2715
1700000002.716000,sim-pump-01,vibration_x,-3.531173,g,GOOD,2716
1700000002.717000,sim-pump-01,vibration_x,-2.700414,g,GOOD,2717
1700000002.718000,sim-pump-01,vibration_x,-1.864996,g,GOOD,2718
1700000002.719000,sim-pump-01,vibration_x,-0.929495,g,GOOD,2719
1700000002.720000,sim-pump-01,vibration_x,-0.026102,g,GOOD,2720
1700000002.721000,sim-pump-01,vibration_x,1.096650,g,GOOD,2721
1700000002.722000,sim-pump-01,vibration_x,1.950763,g,GOOD,2722
1700000002.723000,sim-pump-01,vibration_x,2.921352,g,GOOD,2723
1700000002.724000,sim-pump-01,vibration_x,3.439418,g,GOOD,2724
1700000002.725000,sim-pump-01,vibration_x,3.686583,g,GOOD,2725
1700000002.726000,sim-pump-01,vibration_x,3.846451,g,GOOD,2726
1700000002.727000,sim-pump-01,vibration_x,3.576031,g,GOOD,2727
1700000002.728000,sim-pump-01,vibration_x,3.168107,g,GOOD,2728
1700000002.729000,sim-pump-01,vibration_x,2.825126,g,GOOD,2729
1700000002.730000,sim-pump-01,vibration_x,2.621700,g,GOOD,2730
1700000002.731000,sim-pump-01,vibration_x,2.218308,g,GOOD,2731
1700000002.732000,sim-pump-01,vibration_x,1.758105,g,GOOD,2732
1700000002.733000,sim-pump-01,vibration_x,1.601023,g,GOOD,2733
1700000002.734000,sim-pump-01,vibration_x,1.343380,g,GOOD,2734
1700000002.735000,sim-pump-01,vibration_x,1.413559,g,GOOD,2735
1700000002.736000,sim-pump-01,vibration_x,1.151359,g,GOOD,2736
1700000002.737000,sim-pump-01,vibration_x,0.904721,g,GOOD,2737
1700000002.738000,sim-pump-01,vibration_x,0.467709,g,GOOD,2738
1700000002.739000,sim-pump-01,vibration_x,0.328948,g,GOOD,2739
1700000002.740000,sim-pump-01,vibration_x,-0.186206,g,GOOD,2740
1700000002.741000,sim-pump-01,vibration_x,-0.119137,g,GOOD,2741
1700000002.742000,sim-pump-01,vibration_x,-0.717370,g,GOOD,2742
1700000002.743000,sim-pump-01,vibration_x,-0.495166,g,GOOD,2743
1700000002.744000,sim-pump-01,vibration_x,-0.955841,g,GOOD,2744
1700000002.745000,sim-pump-01,vibration_x,-1.353154,g,GOOD,2745
1700000002.746000,sim-pump-01,vibration_x,-1.397174,g,GOOD,2746
1700000002.747000,sim-pump-01,vibration_x,-1.617475,g,GOOD,2747
1700000002.748000,sim-pump-01,vibration_x,-1.871484,g,GOOD,2748
1700000002.749000,sim-pump-01,vibration_x,-2.037397,g,GOOD,2749
1700000002.750000,sim-pump-01,vibration_x,-2.817759,g,GOOD,2750
1700000002.751000,sim-pump-01,vibration_x,-2.812128,g,GOOD,2751
1700000002.752000,sim-pump-01,vibration_x,-3.186988,g,GOOD,2752
1700000002.753000,sim-pump-01,vibration_x,-3.386090,g,GOOD,2753
1700000002.754000,sim-pump-01,vibration_x,-3.691515,g,GOOD,2754
1700000002.755000,sim-pump-01,vibration_x,-3.715657,g,GOOD,2755
1700000002.756000,sim-pump-01,vibration_x,-3.297391,g,GOOD,2756
1700000002.757000,sim-pump-01,vibration_x,-2.765512,g,GOOD,2757
1700000002.758000,sim-pump-01,vibration_x,-1.771423,g,GOOD,2758
1700000002.759000,sim-pump-01,vibration_x,-1.199981,g,GOOD,2759
1700000002.760000,sim-pump-01,vibration_x,-0.235904,g,GOOD,2760
1700000002.761000,sim-pump-01,vibration_x,0.973476,g,GOOD,2761
1700000002.762000,sim-pump-01,vibration_x,1.921115,g,GOOD,2762
1700000002.763000,sim-pump-01,vibration_x,2.728713,g,GOOD,2763
1700000002.764000,sim-pump-01,vibration_x,3.413676,g,GOOD,2764
1700000002.765000,sim-pump-01,vibration_x,3.689459,g,GOOD,2765
1700000002.766000,sim-pump-01,vibration_x,3.467359,g,GOOD,2766
1700000002.767000,sim-pump-01,vibration_x,3.664001,g,GOOD,2767
1700000002.768000,sim-pump-01,vibration_x,2.958416,g,GOOD,2768
1700000002.769000,sim-pump-01,vibration_x,3.038134,g,GOOD,2769
1700000002.770000,sim-pump-01,vibration_x,2.673708,g,GOOD,2770
1700000002.771000,sim-pump-01,vibration_x,2.436338,g,GOOD,2771
1700000002.772000,sim-pump-01,vibration_x,1.855362,g,GOOD,2772
1700000002.773000,sim-pump-01,vibration_x,1.522522,g,GOOD,2773
1700000002.774000,sim-pump-01,vibration_x,1.510368,g,GOOD,2774
1700000002.775000,sim-pump-01,vibration_x,1.152365,g,GOOD,2775
1700000002.776000,sim-pump-01,vibration_x,1.532515,g,GOOD,2776
1700000002.777000,sim-pump-01,vibration_x,1.021730,g,GOOD,2777
1700000002.778000,sim-pump-01,vibration_x,0.825864,g,GOOD,2778
1700000002.779000,sim-pump-01,vibration_x,0.298765,g,GOOD,2779
1700000002.780000,sim-pump-01,vibration_x,-0.185606,g,GOOD,2780
1700000002.781000,sim-pump-01,vibration_x,-0.080425,g,GOOD,2781
1700000002.782000,sim-pump-01,vibration_x,-0.575642,g,GOOD,2782
1700000002.783000,sim-pump-01,vibration_x,-0.661616,g,GOOD,2783
1700000002.784000,sim-pump-01,vibration_x,-0.992593,g,GOOD,2784
1700000002.785000,sim-pump-01,vibration_x,-1.452986,g,GOOD,2785
1700000002.786000,sim-pump-01,vibration_x,-1.557420,g,GOOD,2786
1700000002.787000,sim-pump-01,vibration_x,-1.634101,g,GOOD,2787
1700000002.788000,sim-pump-01,vibration_x,-1.918170,g,GOOD,2788
1700000002.789000,sim-pump-01,vibration_x,-2.207424,g,GOOD,2789
1700000002.790000,sim-pump-01,vibration_x,-2.444105,g,GOOD,2790
1700000002.791000,sim-pump-01,vibration_x,-3.418237,g,GOOD,2791
1700000002.792000,sim-pump-01,vibration_x,-3.334244,g,GOOD,2792
1700000002.793000,sim-pump-01,vibration_x,-3.393351,g,GOOD,2793
1700000002.794000,sim-pump-01,vibration_x,-3.649525,g,GOOD,2794
1700000002.795000,sim-pump-01,vibration_x,-3.633404,g,GOOD,2795
1700000002.796000,sim-pump-01,vibration_x,-3.256124,g,GOOD,2796
1700000002.797000,sim-pump-01,vibration_x,-2.653519,g,GOOD,2797
1700000002.798000,sim-pump-01,vibration_x,-2.132217,g,GOOD,2798
1700000002.799000,sim-pump-01,vibration_x,-0.891246,g,GOOD,2799
1700000002.800000,sim-pump-01,vibration_x,0.011099,g,GOOD,2800
1700000002.801000,sim-pump-01,vibration_x,0.988986,g,GOOD,2801
1700000002.802000,sim-pump-01,vibration_x,1.945822,g,GOOD,2802
1700000002.803000,sim-pump-01,vibration_x,2.822058,g,GOOD,2803
1700000002.804000,sim-pump-01,vibration_x,3.231997,g,GOOD,2804
1700000002.805000,sim-pump-01,vibration_x,3.701108,g,GOOD,2805
1700000002.806000,sim-pump-01,vibration_x,3.736431,g,GOOD,2806
1700000002.807000,sim-pump-01,vibration_x,3.317018,g,GOOD,2807
1700000002.808000,sim-pump-01,vibration_x,3.127379,g,GOOD,2808
1700000002.809000,sim-pump-01,vibration_x,2.632119,g,GOOD,2809
1700000002.810000,sim-pump-01,vibration_x,2.606948,g,GOOD,2810
1700000002.811000,sim-pump-01,vibration_x,2.128250,g,GOOD,2811
1700000002.812000,sim-pump-01,vibration_x,2.018967,g,GOOD,2812
1700000002.813000,sim-pump-01,vibration_x,1.720868,g,GOOD,2813
1700000002.814000,sim-pump-01,vibration_x,1.520608,g,GOOD,2814
1700000002.815000,sim-pump-01,vibration_x,1.426603,g,GOOD,2815
1700000002.816000,sim-pump-01,vibration_x,1.053492,g,GOOD,2816
1700000002.817000,sim-pump-01,vibration_x,0.761365,g,GOOD,2817
1700000002.818000,sim-pump-01,vibration_x,0.346029,g,GOOD,2818
1700000002.819000,sim-pump-01,vibration_x,0.120034,g,GOOD,2819
1700000002.820000,sim-pump-01,vibration_x,-0.292213,g,GOOD,2820
1700000002.821000,sim-pump-01,vibration_x,-0.300568,g,GOOD,2821
1700000002.822000,sim-pump-01,vibration_x,-0.659929,g,GOOD,2822
1700000002.823000,sim-pump-01,vibration_x,-0.778187,g,GOOD,2823
1700000002.824000,sim-pump-01,vibration_x,-0.896567,g,GOOD,2824
1700000002.825000,sim-pump-01,vibration_x,-1.218398,g,GOOD,2825
1700000002.826000,sim-pump-01,vibration_x,-1.229247,g,GOOD,2826
1700000002.827000,sim-pump-01,vibration_x,-1.693841,g,GOOD,2827
1700000002.828000,sim-pump-01,vibration_x,-1.901853,g,GOOD,2828
1700000002.829000,sim-pump-01,vibration_x,-2.308023,g,GOOD,2829
1700000002.830000,sim-pump-01,vibration_x,-2.323702,g,GOOD,2830
1700000002.831000,sim-pump-01,vibration_x,-3.092437,g,GOOD,2831
1700000002.832000,sim-pump-01,vibration_x,-3.354905,g,GOOD,2832
1700000002.833000,sim-pump-01,vibration_x,-3.378337,g,GOOD,2833
1700000002.834000,sim-pump-01,vibration_x,-3.810982,g,GOOD,2834
1700000002.835000,sim-pump-01,vibration_x,-3.656631,g,GOOD,2835
1700000002.836000,sim-pump-01,vibration_x,-3.170841,g,GOOD,2836
1700000002.837000,sim-pump-01,vibration_x,-2.703233,g,GOOD,2837
1700000002.838000,sim-pump-01,vibration_x,-2.249072,g,GOOD,2838
1700000002.839000,sim-pump-01,vibration_x,-0.709357,g,GOOD,2839
1700000002.840000,sim-pump-01,vibration_x,0.154926,g,GOOD,2840
1700000002.841000,sim-pump-01,vibration_x,1.102605,g,GOOD,2841
1700000002.842000,sim-pump-01,vibration_x,1.918744,g,GOOD,2842
1700000002.843000,sim-pump-01,vibration_x,2.748577,g,GOOD,2843
1700000002.844000,sim-pump-01,vibration_x,3.240075,g,GOOD,2844
1700000002.845000,sim-pump-01,vibration_x,3.711704,g,GOOD,2845
1700000002.846000,sim-pump-01,vibration_x,3.841483,g,GOOD,2846
1700000002.847000,sim-pump-01,vibration_x,3.634899,g,GOOD,2847
1700000002.848000,sim-pump-01,vibration_x,3.278611,g,GOOD,2848
1700000002.849000,sim-pump-01,vibration_x,2.938878,g,GOOD,2849
1700000002.850000,sim-pump-01,vibration_x,2.458866,g,GOOD,2850
1700000002.851000,sim-pump-01,vibration_x,2.377929,g,GOOD,2851
1700000002.852000,sim-pump-01,vibration_x,1.862221,g,GOOD,2852
1700000002.853000,sim-pump-01,vibration_x,1.554049,g,GOOD,2853
1700000002.854000,sim-pump-01,vibration_x,1.295355,g,GOOD,2854
1700000002.855000,sim-pump-01,vibration_x,1.322554,g,GOOD,2855
1700000002.856000,sim-pump-01,vibration_x,0.914715,g,GOOD,2856
1700000002.857000,sim-pump-01,vibration_x,0.882173,g,GOOD,2857
1700000002.858000,sim-pump-01,vibration_x,0.500044,g,GOOD,2858
1700000002.859000,sim-pump-01,vibration_x,0.513795,g,GOOD,2859
1700000002.860000,sim-pump-01,vibration_x,-0.055916,g,GOOD,2860
1700000002.861000,sim-pump-01,vibration_x,-0.626789,g,GOOD,2861
1700000002.862000,sim-pump-01,vibration_x,-0.723226,g,GOOD,2862
1700000002.863000,sim-pump-01,vibration_x,-0.697786,g,GOOD,2863
1700000002.864000,sim-pump-01,vibration_x,-0.867839,g,GOOD,2864
1700000002.865000,sim-pump-01,vibration_x,-1.329868,g,GOOD,2865
1700000002.866000,sim-pump-01,vibration_x,-1.339574,g,GOOD,2866
1700000002.867000,sim-pump-01,vibration_x,-1.554248,g,GOOD,2867
1700000002.868000,sim-pump-01,vibration_x,-1.996123,g,GOOD,2868
1700000002.869000,sim-pump-01,vibration_x,-1.982161,g,GOOD,2869
1700000002.870000,sim-pump-01,vibration_x,-2.434431,g,GOOD,2870
1700000002.871000,sim-pump-01,vibration_x,-2.770561,g,GOOD,2871
1700000002.872000,sim-pump-01,vibration_x,-3.342506,g,GOOD,2872
1700000002.873000,sim-pump-01,vibration_x,-3.299115,g,GOOD,2873
1700000002.874000,sim-pump-01,vibration_x,-3.619710,g,GOOD,2874
1700000002.875000,sim-pump-01,vibration_x,-3.661070,g,GOOD,2875
1700000002.876000,sim-pump-01,vibration_x,-3.277119,g,GOOD,2876
1700000002.877000,sim-pump-01,vibration_x,-2.771196,g,GOOD,2877
1700000002.878000,sim-pump-01,vibration_x,-1.958431,g,GOOD,2878
1700000002.879000,sim-pump-01,vibration_x,-0.937543,g,GOOD,2879
1700000002.880000,sim-pump-01,vibration_x,0.328986,g,GOOD,2880
1700000002.881000,sim-pump-01,vibration_x,1.041193,g,GOOD,2881
1700000002.882000,sim-pump-01,vibration_x,1.914631,g,GOOD,2882
1700000002.883000,sim-pump-01,vibration_x,2.774702,g,GOOD,2883
1700000002.884000,sim-pump-01,vibration_x,3.153325,g,GOOD,2884
1700000002.885000,sim-pump-01,vibration_x,3.396691,g,GOOD,2885
1700000002.886000,sim-pump-01,vibration_x,3.685278,g,GOOD,2886
1700000002.887000,sim-pump-01,vibration_x,3.438058,g,GOOD,2887
1700000002.888000,sim-pump-01,vibration_x,3.509256,g,GOOD,2888
1700000002.889000,sim-pump-01,vibration_x,3.045355,g,GOOD,2889
1700000002.890000,sim-pump-01,vibration_x,2.625092,g,GOOD,2890
1700000002.891000,sim-pump-01,vibration_x,2.330031,g,GOOD,2891
1700000002.892000,sim-pump-01,vibration_x,1.737967,g,GOOD,2892
1700000002.893000,sim-pump-01,vibration_x,1.730930,g,GOOD,2893
1700000002.894000,sim-pump-01,vibration_x,0.975484,g,GOOD,2894
1700000002.895000,sim-pump-01,vibration_x,1.227487,g,GOOD,2895
1700000002.896000,sim-pump-01,vibration_x,0.949353,g,GOOD,2896
1700000002.897000,sim-pump-01,vibration_x,0.590385,g,GOOD,2897
1700000002.898000,sim-pump-01,vibration_x,0.519037,g,GOOD,2898
1700000002.899000,sim-pump-01,vibration_x,0.316321,g,GOOD,2899
1700000002.900000,sim-pump-01,vibration_x,-0.179841,g,GOOD,2900
1700000002.901000,sim-pump-01,vibration_x,-0.247629,g,GOOD,2901
1700000002.902000,sim-pump-01,vibration_x,-0.246117,g,GOOD,2902
1700000002.903000,sim-pump-01,vibration_x,-1.051220,g,GOOD,2903
1700000002.904000,sim-pump-01,vibration_x,-0.916582,g,GOOD,2904
1700000002.905000,sim-pump-01,vibration_x,-1.323394,g,GOOD,2905
1700000002.906000,sim-pump-01,vibration_x,-1.720271,g,GOOD,2906
1700000002.907000,sim-pump-01,vibration_x,-1.532321,g,GOOD,2907
1700000002.908000,sim-pump-01,vibration_x,-2.003049,g,GOOD,2908
1700000002.909000,sim-pump-01,vibration_x,-2.106363,g,GOOD,2909
1700000002.910000,sim-pump-01,vibration_x,-2.480955,g,GOOD,2910
1700000002.911000,sim-pump-01,vibration_x,-3.040734,g,GOOD,2911
1700000002.912000,sim-pump-01,vibration_x,-3.172362,g,GOOD,2912
1700000002.913000,sim-pump-01,vibration_x,-3.583084,g,GOOD,2913
1700000002.914000,sim-pump-01,vibration_x,-3.707228,g,GOOD,2914
1700000002.915000,sim-pump-01,vibration_x,-3.580111,g,GOOD,2915
1700000002.916000,sim-pump-01,vibration_x,-3.436358,g,GOOD,2916
1700000002.917000,sim-pump-01,vibration_x,-2.914151,g,GOOD,2917
1700000002.918000,sim-pump-01,vibration_x,-2.101114,g,GOOD,2918
1700000002.919000,sim-pump-01,vibration_x,-1.269963,g,GOOD,2919
1700000002.920000,sim-pump-01,vibration_x,-0.018499,g,GOOD,2920
1700000002.921000,sim-pump-01,vibration_x,1.199160,g,GOOD,2921
1700000002.922000,sim-pump-01,vibration_x,1.963134,g,GOOD,2922
1700000002.923000,sim-pump-01,vibration_x,2.477780,g,GOOD,2923
1700000002.924000,sim-pump-01,vibration_x,3.245997,g,GOOD,2924
1700000002.925000,sim-pump-01,vibration_x,3.399167,g,GOOD,2925
1700000002.926000,sim-pump-01,vibration_x,3.721181,g,GOOD,2926
1700000002.927000,sim-pump-01,vibration_x,3.318053,g,GOOD,2927
1700000002.928000,sim-pump-01,vibration_x,3.265321,g,GOOD,2928
1700000002.929000,sim-pump-01,vibration_x,2.781998,g,GOOD,2929
1700000002.930000,sim-pump-01,vibration_x,2.428318,g,GOOD,2930
1700000002.931000,sim-pump-01,vibration_x,2.117949,g,GOOD,2931
1700000002.932000,sim-pump-01,vibration_x,2.266425,g,GOOD,2932
1700000002.933000,sim-pump-01,vibration_x,1.735698,g,GOOD,2933
1700000002.934000,sim-pump-01,vibration_x,1.523053,g,GOOD,2934
1700000002.935000,sim-pump-01,vibration_x,1.077736,g,GOOD,2935
1700000002.936000,sim-pump-01,vibration_x,0.826575,g,GOOD,2936
1700000002.937000,sim-pump-01,vibration_x,0.926928,g,GOOD,2937
1700000002.938000,sim-pump-01,vibration_x,0.645849,g,GOOD,2938
1700000002.939000,sim-pump-01,vibration_x,0.311741,g,GOOD,2939
1700000002.940000,sim-pump-01,vibration_x,-0.062752,g,GOOD,2940
1700000002.941000,sim-pump-01,vibration_x,-0.101615,g,GOOD,2941
1700000002.942000,sim-pump-01,vibration_x,-0.440574,g,GOOD,2942
1700000002.943000,sim-pump-01,vibration_x,-0.612014,g,GOOD,2943
1700000002.944000,sim-pump-01,vibration_x,-1.265740,g,GOOD,2944
1700000002.945000,sim-pump-01,vibration_x,-1.538944,g,GOOD,2945
1700000002.946000,sim-pump-01,vibration_x,-1.357139,g,GOOD,2946
1700000002.947000,sim-pump-01,vibration_x,-1.555437,g,GOOD,2947
1700000002.948000,sim-pump-01,vibration_x,-2.117605,g,GOOD,2948
1700000002.949000,sim-pump-01,vibration_x,-2.316053,g,GOOD,2949
1700000002.950000,sim-pump-01,vibration_x,-2.476424,g,GOOD,2950
1700000002.951000,sim-pump-01,vibration_x,-2.748819,g,GOOD,2951
1700000002.952000,sim-pump-01,vibration_x,-3.484774,g,GOOD,2952
1700000002.953000,sim-pump-01,vibration_x,-3.707052,g,GOOD,2953
1700000002.954000,sim-pump-01,vibration_x,-3.767024,g,GOOD,2954
1700000002.955000,sim-pump-01,vibration_x,-3.775855,g,GOOD,2955
1700000002.956000,sim-pump-01,vibration_x,-3.359666,g,GOOD,2956
1700000002.957000,sim-pump-01,vibration_x,-2.761932,g,GOOD,2957
1700000002.958000,sim-pump-01,vibration_x,-2.034303,g,GOOD,2958
1700000002.959000,sim-pump-01,vibration_x,-0.809327,g,GOOD,2959
1700000002.960000,sim-pump-01,vibration_x,-0.006738,g,GOOD,2960
1700000002.961000,sim-pump-01,vibration_x,1.043108,g,GOOD,2961
1700000002.962000,sim-pump-01,vibration_x,1.974885,g,GOOD,2962
1700000002.963000,sim-pump-01,vibration_x,2.684003,g,GOOD,2963
1700000002.964000,sim-pump-01,vibration_x,3.032795,g,GOOD,2964
1700000002.965000,sim-pump-01,vibration_x,3.450891,g,GOOD,2965
1700000002.966000,sim-pump-01,vibration_x,3.662627,g,GOOD,2966
1700000002.967000,sim-pump-01,vibration_x,3.855916,g,GOOD,2967
1700000002.968000,sim-pump-01,vibration_x,3.206631,g,GOOD,2968
1700000002.969000,sim-pump-01,vibration_x,2.768761,g,GOOD,2969
1700000002.970000,sim-pump-01,vibration_x,2.567883,g,GOOD,2970
1700000002.971000,sim-pump-01,vibration_x,2.123131,g,GOOD,2971
1700000002.972000,sim-pump-01,vibration_x,1.893159,g,GOOD,2972
1700000002.973000,sim-pump-01,vibration_x,1.516975,g,GOOD,2973
1700000002.974000,sim-pump-01,vibration_x,1.475311,g,GOOD,2974
1700000002.975000,sim-pump-01,vibration_x,1.147216,g,GOOD,2975
1700000002.976000,sim-pump-01,vibration_x,1.199293,g,GOOD,2976
1700000002.977000,sim-pump-01,vibration_x,1.083715,g,GOOD,2977
1700000002.978000,sim-pump-01,vibration_x,0.608911,g,GOOD,2978
1700000002.979000,sim-pump-01,vibration_x,0.281240,g,GOOD,2979
1700000002.980000,sim-pump-01,vibration_x,0.197625,g,GOOD,2980
1700000002.981000,sim-pump-01,vibration_x,-0.474377,g,GOOD,2981
1700000002.982000,sim-pump-01,vibration_x,-0.705813,g,GOOD,2982
1700000002.983000,sim-pump-01,vibration_x,-0.776603,g,GOOD,2983
1700000002.984000,sim-pump-01,vibration_x,-0.981564,g,GOOD,2984
1700000002.985000,sim-pump-01,vibration_x,-1.088339,g,GOOD,2985
1700000002.986000,sim-pump-01,vibration_x,-1.594395,g,GOOD,2986
1700000002.987000,sim-pump-01,vibration_x,-1.565124,g,GOOD,2987
1700000002.988000,sim-pump-01,vibration_x,-1.812089,g,GOOD,2988
1700000002.989000,sim-pump-01,vibration_x,-2.143705,g,GOOD,2989
1700000002.990000,sim-pump-01,vibration_x,-2.704159,g,GOOD,2990
1700000002.991000,sim-pump-01,vibration_x,-3.026468,g,GOOD,2991
1700000002.992000,sim-pump-01,vibration_x,-3.521258,g,GOOD,2992
1700000002.993000,sim-pump-01,vibration_x,-3.443408,g,GOOD,2993
1700000002.994000,sim-pump-01,vibration_x,-3.899631,g,GOOD,2994
1700000002.995000,sim-pump-01,vibration_x,-3.429558,g,GOOD,2995
1700000002.996000,sim-pump-01,vibration_x,-3.226747,g,GOOD,2996
1700000002.997000,sim-pump-01,vibration_x,-2.986635,g,GOOD,2997
1700000002.998000,sim-pump-01,vibration_x,-2.161483,g,GOOD,2998
1700000002.999000,sim-pump-01,vibration_x,-0.860253,g,GOOD,2999
1700000003.000000,sim-pump-01,vibration_x,0.083617,g,GOOD,3000
1700000003.001000,sim-pump-01,vibration_x,1.000971,g,GOOD,3001
1700000003.002000,sim-pump-01,vibration_x,2.140519,g,GOOD,3002
1700000003.003000,sim-pump-01,vibration_x,2.716324,g,GOOD,3003
1700000003.004000,sim-pump-01,vibration_x,3.376567,g,GOOD,3004
1700000003.005000,sim-pump-01,vibration_x,3.545802,g,GOOD,3005
1700000003.006000,sim-pump-01,vibration_x,3.822175,g,GOOD,3006
1700000003.007000,sim-pump-01,vibration_x,3.876018,g,GOOD,3007
1700000003.008000,sim-pump-01,vibration_x,3.382407,g,GOOD,3008
1700000003.009000,sim-pump-01,vibration_x,3.011830,g,GOOD,3009
1700000003.010000,sim-pump-01,vibration_x,2.573503,g,GOOD,3010
1700000003.011000,sim-pump-01,vibration_x,2.445494,g,GOOD,3011
1700000003.012000,sim-pump-01,vibration_x,1.900754,g,GOOD,3012
1700000003.013000,sim-pump-01,vibration_x,1.619012,g,GOOD,3013
1700000003.014000,sim-pump-01,vibration_x,1.727881,g,GOOD,3014
1700000003.015000,sim-pump-01,vibration_x,0.910592,g,GOOD,3015
1700000003.016000,sim-pump-01,vibration_x,0.905556,g,GOOD,3016
1700000003.017000,sim-pump-01,vibration_x,0.725456,g,GOOD,3017
1700000003.018000,sim-pump-01,vibration_x,0.807048,g,GOOD,3018
1700000003.019000,sim-pump-01,vibration_x,0.393076,g,GOOD,3019
1700000003.020000,sim-pump-01,vibration_x,0.211295,g,GOOD,3020
1700000003.021000,sim-pump-01,vibration_x,-0.348288,g,GOOD,3021
1700000003.022000,sim-pump-01,vibration_x,-0.584877,g,GOOD,3022
1700000003.023000,sim-pump-01,vibration_x,-0.748183,g,GOOD,3023
1700000003.024000,sim-pump-01,vibration_x,-0.980924,g,GOOD,3024
1700000003.025000,sim-pump-01,vibration_x,-1.131419,g,GOOD,3025
1700000003.026000,sim-pump-01,vibration_x,-1.325762,g,GOOD,3026
1700000003.027000,sim-pump-01,vibration_x,-1.599216,g,GOOD,3027
1700000003.028000,sim-pump-01,vibration_x,-2.006855,g,GOOD,3028
1700000003.029000,sim-pump-01,vibration_x,-2.237974,g,GOOD,3029
1700000003.030000,sim-pump-01,vibration_x,-2.363618,g,GOOD,3030
1700000003.031000,sim-pump-01,vibration_x,-2.950749,g,GOOD,3031
1700000003.032000,sim-pump-01,vibration_x,-3.392991,g,GOOD,3032
1700000003.033000,sim-pump-01,vibration_x,-3.689557,g,GOOD,3033
1700000003.034000,sim-pump-01,vibration_x,-3.696737,g,GOOD,3034
1700000003.035000,sim-pump-01,vibration_x,-3.588736,g,GOOD,3035
1700000003.036000,sim-pump-01,vibration_x,-2.936595,g,GOOD,3036
1700000003.037000,sim-pump-01,vibration_x,-2.791185,g,GOOD,3037
1700000003.038000,sim-pump-01,vibration_x,-2.058456,g,GOOD,3038
1700000003.039000,sim-pump-01,vibration_x,-1.274458,g,GOOD,3039
1700000003.040000,sim-pump-01,vibration_x,0.109652,g,GOOD,3040
1700000003.041000,sim-pump-01,vibration_x,1.062548,g,GOOD,3041
1700000003.042000,sim-pump-01,vibration_x,2.141964,g,GOOD,3042
1700000003.043000,sim-pump-01,vibration_x,2.994742,g,GOOD,3043
1700000003.044000,sim-pump-01,vibration_x,3.654002,g,GOOD,3044
1700000003.045000,sim-pump-01,vibration_x,3.741333,g,GOOD,3045
1700000003.046000,sim-pump-01,vibration_x,3.969353,g,GOOD,3046
1700000003.047000,sim-pump-01,vibration_x,3.561790,g,GOOD,3047
1700000003.048000,sim-pump-01,vibration_x,3.190654,g,GOOD,3048
1700000003.049000,sim-pump-01,vibration_x,2.916408,g,GOOD,3049
1700000003.050000,sim-pump-01,vibration_x,2.654318,g,GOOD,3050
1700000003.051000,sim-pump-01,vibration_x,2.060532,g,GOOD,3051
1700000003.052000,sim-pump-01,vibration_x,1.829902,g,GOOD,3052
1700000003.053000,sim-pump-01,vibration_x,1.593054,g,GOOD,3053
1700000003.054000,sim-pump-01,vibration_x,1.213805,g,GOOD,3054
1700000003.055000,sim-pump-01,vibration_x,1.117197,g,GOOD,3055
1700000003.056000,sim-pump-01,vibration_x,1.179034,g,GOOD,3056
1700000003.057000,sim-pump-01,vibration_x,0.968393,g,GOOD,3057
1700000003.058000,sim-pump-01,vibration_x,0.791670,g,GOOD,3058
1700000003.059000,sim-pump-01,vibration_x,0.410279,g,GOOD,3059
1700000003.060000,sim-pump-01,vibration_x,-0.010821,g,GOOD,3060
1700000003.061000,sim-pump-01,vibration_x,-0.510584,g,GOOD,3061
1700000003.062000,sim-pump-01,vibration_x,-0.539415,g,GOOD,3062
1700000003.063000,sim-pump-01,vibration_x,-0.967995,g,GOOD,3063
1700000003.064000,sim-pump-01,vibration_x,-0.995506,g,GOOD,3064
1700000003.065000,sim-pump-01,vibration_x,-1.359134,g,GOOD,3065
1700000003.066000,sim-pump-01,vibration_x,-1.561104,g,GOOD,3066
1700000003.067000,sim-pump-01,vibration_x,-1.922145,g,GOOD,3067
1700000003.068000,sim-pump-01,vibration_x,-1.817440,g,GOOD,3068
1700000003.069000,sim-pump-01,vibration_x,-2.446389,g,GOOD,3069
1700000003.070000,sim-pump-01,vibration_x,-2.162269,g,GOOD,3070
1700000003.071000,sim-pump-01,vibration_x,-2.853005,g,GOOD,3071
1700000003.072000,sim-pump-01,vibration_x,-3.422022,g,GOOD,3072
1700000003.073000,sim-pump-01,vibration_x,-3.610515,g,GOOD,3073
1700000003.074000,sim-pump-01,vibration_x,-3.547866,g,GOOD,3074
1700000003.075000,sim-pump-01,vibration_x,-3.339413,g,GOOD,3075
1700000003.076000,sim-pump-01,vibration_x,-3.296918,g,GOOD,3076
1700000003.077000,sim-pump-01,vibration_x,-2.580758,g,GOOD,3077
1700000003.078000,sim-pump-01,vibration_x,-1.925315,g,GOOD,3078
1700000003.079000,sim-pump-01,vibration_x,-1.019562,g,GOOD,3079
1700000003.080000,sim-pump-01,vibration_x,0.096671,g,GOOD,3080
1700000003.081000,sim-pump-01,vibration_x,0.909567,g,GOOD,3081
1700000003.082000,sim-pump-01,vibration_x,2.178539,g,GOOD,3082
1700000003.083000,sim-pump-01,vibration_x,2.707007,g,GOOD,3083
1700000003.084000,sim-pump-01,vibration_x,3.407166,g,GOOD,3084
1700000003.085000,sim-pump-01,vibration_x,3.548788,g,GOOD,3085
1700000003.086000,sim-pump-01,vibration_x,3.460003,g,GOOD,3086
1700000003.087000,sim-pump-01,vibration_x,3.631560,g,GOOD,3087
1700000003.088000,sim-pump-01,vibration_x,3.301392,g,GOOD,3088
1700000003.089000,sim-pump-01,vibration_x,3.106478,g,GOOD,3089
1700000003.090000,sim-pump-01,vibration_x,2.295368,g,GOOD,3090
1700000003.091000,sim-pump-01,vibration_x,2.136263,g,GOOD,3091
1700000003.092000,sim-pump-01,vibration_x,1.936360,g,GOOD,3092
1700000003.093000,sim-pump-01,vibration_x,1.629765,g,GOOD,3093
1700000003.094000,sim-pump-01,vibration_x,1.252040,g,GOOD,3094
1700000003.095000,sim-pump-01,vibration_x,1.421110,g,GOOD,3095
1700000003.096000,sim-pump-01,vibration_x,1.167273,g,GOOD,3096
1700000003.097000,sim-pump-01,vibration_x,0.635914,g,GOOD,3097
1700000003.098000,sim-pump-01,vibration_x,0.700673,g,GOOD,3098
1700000003.099000,sim-pump-01,vibration_x,0.340914,g,GOOD,3099
1700000003.100000,sim-pump-01,vibration_x,-0.061588,g,GOOD,3100
1700000003.101000,sim-pump-01,vibration_x,-0.272890,g,GOOD,3101
1700000003.102000,sim-pump-01,vibration_x,-0.756714,g,GOOD,3102
1700000003.103000,sim-pump-01,vibration_x,-0.960873,g,GOOD,3103
1700000003.104000,sim-pump-01,vibration_x,-1.176603,g,GOOD,3104
1700000003.105000,sim-pump-01,vibration_x,-1.544711,g,GOOD,3105
1700000003.106000,sim-pump-01,vibration_x,-1.384087,g,GOOD,3106
1700000003.107000,sim-pump-01,vibration_x,-1.475907,g,GOOD,3107
1700000003.108000,sim-pump-01,vibration_x,-2.011445,g,GOOD,3108
1700000003.109000,sim-pump-01,vibration_x,-2.400730,g,GOOD,3109
1700000003.110000,sim-pump-01,vibration_x,-2.458013,g,GOOD,3110
1700000003.111000,sim-pump-01,vibration_x,-3.211058,g,GOOD,3111
1700000003.112000,sim-pump-01,vibration_x,-3.478359,g,GOOD,3112
1700000003.113000,sim-pump-01,vibration_x,-3.774665,g,GOOD,3113
1700000003.114000,sim-pump-01,vibration_x,-3.861591,g,GOOD,3114
1700000003.115000,sim-pump-01,vibration_x,-3.355390,g,GOOD,3115
1700000003.116000,sim-pump-01,vibration_x,-3.252568,g,GOOD,3116
1700000003.117000,sim-pump-01,vibration_x,-2.618824,g,GOOD,3117
1700000003.118000,sim-pump-01,vibration_x,-1.850944,g,GOOD,3118
1700000003.119000,sim-pump-01,vibration_x,-0.989297,g,GOOD,3119
1700000003.120000,sim-pump-01,vibration_x,0.114208,g,GOOD,3120
1700000003.121000,sim-pump-01,vibration_x,0.960126,g,GOOD,3121
1700000003.122000,sim-pump-01,vibration_x,1.974053,g,GOOD,3122
1700000003.123000,sim-pump-01,vibration_x,2.608087,g,GOOD,3123
1700000003.124000,sim-pump-01,vibration_x,3.103665,g,GOOD,3124
1700000003.125000,sim-pump-01,vibration_x,3.601065,g,GOOD,3125
1700000003.126000,sim-pump-01,vibration_x,3.720936,g,GOOD,3126
1700000003.127000,sim-pump-01,vibration_x,3.737983,g,GOOD,3127
1700000003.128000,sim-pump-01,vibration_x,3.365970,g,GOOD,3128
1700000003.129000,sim-pump-01,vibration_x,2.947522,g,GOOD,3129
1700000003.130000,sim-pump-01,vibration_x,2.406116,g,GOOD,3130
1700000003.131000,sim-pump-01,vibration_x,2.244183,g,GOOD,3131
1700000003.132000,sim-pump-01,vibration_x,1.899896,g,GOOD,3132
1700000003.133000,sim-pump-01,vibration_x,1.705453,g,GOOD,3133
1700000003.134000,sim-pump-01,vibration_x,1.195624,g,GOOD,3134
1700000003.135000,sim-pump-01,vibration_x,1.286802,g,GOOD,3135
1700000003.136000,sim-pump-01,vibration_x,0.891560,g,GOOD,3136
1700000003.137000,sim-pump-01,vibration_x,0.826355,g,GOOD,3137
1700000003.138000,sim-pump-01,vibration_x,0.531115,g,GOOD,3138
1700000003.139000,sim-pump-01,vibration_x,0.121627,g,GOOD,3139
1700000003.140000,sim-pump-01,vibration_x,-0.025801,g,GOOD,3140
1700000003.141000,sim-pump-01,vibration_x,-0.625922,g,GOOD,3141
1700000003.142000,sim-pump-01,vibration_x,-0.606010,g,GOOD,3142
1700000003.143000,sim-pump-01,vibration_x,-0.600747,g,GOOD,3143
1700000003.144000,sim-pump-01,vibration_x,-1.030780,g,GOOD,3144
1700000003.145000,sim-pump-01,vibration_x,-1.365870,g,GOOD,3145
1700000003.146000,sim-pump-01,vibration_x,-1.513865,g,GOOD,3146
1700000003.147000,sim-pump-01,vibration_x,-1.453333,g,GOOD,3147
1700000003.148000,sim-pump-01,vibration_x,-1.594880,g,GOOD,3148
1700000003.149000,sim-pump-01,vibration_x,-2.149121,g,GOOD,3149
1700000003.150000,sim-pump-01,vibration_x,-2.540517,g,GOOD,3150
1700000003.151000,sim-pump-01,vibration_x,-2.953606,g,GOOD,3151
1700000003.152000,sim-pump-01,vibration_x,-3.396281,g,GOOD,3152
1700000003.153000,sim-pump-01,vibration_x,-3.819972,g,GOOD,3153
1700000003.154000,sim-pump-01,vibration_x,-3.713036,g,GOOD,3154
1700000003.155000,sim-pump-01,vibration_x,-3.598015,g,GOOD,3155
1700000003.156000,sim-pump-01,vibration_x,-3.379811,g,GOOD,3156
1700000003.157000,sim-pump-01,vibration_x,-2.763586,g,GOOD,3157
1700000003.158000,sim-pump-01,vibration_x,-2.171524,g,GOOD,3158
1700000003.159000,sim-pump-01,vibration_x,-1.400190,g,GOOD,3159
1700000003.160000,sim-pump-01,vibration_x,-0.107250,g,GOOD,3160
1700000003.161000,sim-pump-01,vibration_x,1.192154,g,GOOD,3161
1700000003.162000,sim-pump-01,vibration_x,1.935220,g,GOOD,3162
1700000003.163000,sim-pump-01,vibration_x,2.772361,g,GOOD,3163
1700000003.164000,sim-pump-01,vibration_x,3.541683,g,GOOD,3164
1700000003.165000,sim-pump-01,vibration_x,3.948812,g,GOOD,3165
1700000003.166000,sim-pump-01,vibration_x,3.896128,g,GOOD,3166
1700000003.167000,sim-pump-01,vibration_x,3.719117,g,GOOD,3167
1700000003.168000,sim-pump-01,vibration_x,3.131205,g,GOOD,3168
1700000003.169000,sim-pump-01,vibration_x,3.062038,g,GOOD,3169
1700000003.170000,sim-pump-01,vibration_x,2.508557,g,GOOD,3170
1700000003.171000,sim-pump-01,vibration_x,2.386512,g,GOOD,3171
1700000003.172000,sim-pump-01,vibration_x,1.694889,g,GOOD,3172
1700000003.173000,sim-pump-01,vibration_x,1.503178,g,GOOD,3173
1700000003.174000,sim-pump-01,vibration_x,1.234272,g,GOOD,3174
1700000003.175000,sim-pump-01,vibration_x,1.388720,g,GOOD,3175
1700000003.176000,sim-pump-01,vibration_x,1.123761,g,GOOD,3176
1700000003.177000,sim-pump-01,vibration_x,0.686944,g,GOOD,3177
1700000003.178000,sim-pump-01,vibration_x,0.447381,g,GOOD,3178
1700000003.179000,sim-pump-01,vibration_x,0.556474,g,GOOD,3179
1700000003.180000,sim-pump-01,vibration_x,0.087436,g,GOOD,3180
1700000003.181000,sim-pump-01,vibration_x,-0.392562,g,GOOD,3181
1700000003.182000,sim-pump-01,vibration_x,-0.624589,g,GOOD,3182
1700000003.183000,sim-pump-01,vibration_x,-0.782455,g,GOOD,3183
1700000003.184000,sim-pump-01,vibration_x,-1.028640,g,GOOD,3184
1700000003.185000,sim-pump-01,vibration_x,-1.411058,g,GOOD,3185
1700000003.186000,sim-pump-01,vibration_x,-1.383538,g,GOOD,3186
1700000003.187000,sim-pump-01,vibration_x,-1.746500,g,GOOD,3187
1700000003.188000,sim-pump-01,vibration_x,-1.878139,g,GOOD,3188
1700000003.189000,sim-pump-01,vibration_x,-2.212263,g,GOOD,3189
1700000003.190000,sim-pump-01,vibration_x,-2.567339,g,GOOD,3190
1700000003.191000,sim-pump-01,vibration_x,-2.854553,g,GOOD,3191
1700000003.192000,sim-pump-01,vibration_x,-3.400838,g,GOOD,3192
1700000003.193000,sim-pump-01,vibration_x,-3.294547,g,GOOD,3193
1700000003.194000,sim-pump-01,vibration_x,-3.820328,g,GOOD,3194
1700000003.195000,sim-pump-01,vibration_x,-3.764257,g,GOOD,3195
1700000003.196000,sim-pump-01,vibration_x,-3.284513,g,GOOD,3196
1700000003.197000,sim-pump-01,vibration_x,-2.676437,g,GOOD,3197
1700000003.198000,sim-pump-01,vibration_x,-1.943006,g,GOOD,3198
1700000003.199000,sim-pump-01,vibration_x,-0.884905,g,GOOD,3199
1700000003.200000,sim-pump-01,vibration_x,-0.044099,g,GOOD,3200
1700000003.201000,sim-pump-01,vibration_x,0.572968,g,GOOD,3201
1700000003.202000,sim-pump-01,vibration_x,1.361268,g,GOOD,3202
1700000003.203000,sim-pump-01,vibration_x,2.820901,g,GOOD,3203
1700000003.204000,sim-pump-01,vibration_x,3.490005,g,GOOD,3204
1700000003.205000,sim-pump-01,vibration_x,3.654638,g,GOOD,3205
1700000003.206000,sim-pump-01,vibration_x,3.497339,g,GOOD,3206
1700000003.207000,sim-pump-01,vibration_x,3.787810,g,GOOD,3207
1700000003.208000,sim-pump-01,vibration_x,3.440838,g,GOOD,3208
1700000003.209000,sim-pump-01,vibration_x,3.171737,g,GOOD,3209
1700000003.210000,sim-pump-01,vibration_x,2.402840,g,GOOD,3210
1700000003.211000,sim-pump-01,vibration_x,1.936992,g,GOOD,3211
1700000003.212000,sim-pump-01,vibration_x,1.936566,g,GOOD,3212
1700000003.213000,sim-pump-01,vibration_x,1.607195,g,GOOD,3213
1700000003.214000,sim-pump-01,vibration_x,1.437185,g,GOOD,3214
1700000003.215000,sim-pump-01,vibration_x,1.362996,g,GOOD,3215
1700000003.216000,sim-pump-01,vibration_x,1.013306,g,GOOD,3216
1700000003.217000,sim-pump-01,vibration_x,0.815956,g,GOOD,3217
1700000003.218000,sim-pump-01,vibration_x,0.662100,g,GOOD,3218
1700000003.219000,sim-pump-01,vibration_x,0.417576,g,GOOD,3219
1700000003.220000,sim-pump-01,vibration_x,0.079107,g,GOOD,3220
1700000003.221000,sim-pump-01,vibration_x,-0.594880,g,GOOD,3221
1700000003.222000,sim-pump-01,vibration_x,-0.724415,g,GOOD,3222
1700000003.223000,sim-pump-01,vibration_x,-0.858274,g,GOOD,3223
1700000003.224000,sim-pump-01,vibration_x,-1.089420,g,GOOD,3224
1700000003.225000,sim-pump-01,vibration_x,-1.390283,g,GOOD,3225
1700000003.226000,sim-pump-01,vibration_x,-1.368549,g,GOOD,3226
1700000003.227000,sim-pump-01,vibration_x,-1.714409,g,GOOD,3227
1700000003.228000,sim-pump-01,vibration_x,-1.797074,g,GOOD,3228
1700000003.229000,sim-pump-01,vibration_x,-2.011546,g,GOOD,3229
1700000003.230000,sim-pump-01,vibration_x,-2.415950,g,GOOD,3230
1700000003.231000,sim-pump-01,vibration_x,-3.003365,g,GOOD,3231
1700000003.232000,sim-pump-01,vibration_x,-3.524356,g,GOOD,3232
1700000003.233000,sim-pump-01,vibration_x,-3.797988,g,GOOD,3233
1700000003.234000,sim-pump-01,vibration_x,-3.825951,g,GOOD,3234
1700000003.235000,sim-pump-01,vibration_x,-3.663358,g,GOOD,3235
1700000003.236000,sim-pump-01,vibration_x,-3.380460,g,GOOD,3236
1700000003.237000,sim-pump-01,vibration_x,-2.672250,g,GOOD,3237
1700000003.238000,sim-pump-01,vibration_x,-2.028091,g,GOOD,3238
1700000003.239000,sim-pump-01,vibration_x,-1.106147,g,GOOD,3239
1700000003.240000,sim-pump-01,vibration_x,-0.082061,g,GOOD,3240
1700000003.241000,sim-pump-01,vibration_x,1.290544,g,GOOD,3241
1700000003.242000,sim-pump-01,vibration_x,2.153346,g,GOOD,3242
1700000003.243000,sim-pump-01,vibration_x,2.892728,g,GOOD,3243
1700000003.244000,sim-pump-01,vibration_x,3.460089,g,GOOD,3244
1700000003.245000,sim-pump-01,vibration_x,3.790397,g,GOOD,3245
1700000003.246000,sim-pump-01,vibration_x,3.418348,g,GOOD,3246
1700000003.247000,sim-pump-01,vibration_x,3.797477,g,GOOD,3247
1700000003.248000,sim-pump-01,vibration_x,3.365590,g,GOOD,3248
1700000003.249000,sim-pump-01,vibration_x,2.814057,g,GOOD,3249
1700000003.250000,sim-pump-01,vibration_x,2.670604,g,GOOD,3250
1700000003.251000,sim-pump-01,vibration_x,2.042740,g,GOOD,3251
1700000003.252000,sim-pump-01,vibration_x,1.924805,g,GOOD,3252
1700000003.253000,sim-pump-01,vibration_x,1.859224,g,GOOD,3253
1700000003.254000,sim-pump-01,vibration_x,1.361918,g,GOOD,3254
1700000003.255000,sim-pump-01,vibration_x,1.347381,g,GOOD,3255
1700000003.256000,sim-pump-01,vibration_x,1.229085,g,GOOD,3256
1700000003.257000,sim-pump-01,vibration_x,0.673049,g,GOOD,3257
1700000003.258000,sim-pump-01,vibration_x,0.602813,g,GOOD,3258
1700000003.259000,sim-pump-01,vibration_x,0.231080,g,GOOD,3259
1700000003.260000,sim-pump-01,vibration_x,0.193717,g,GOOD,3260
1700000003.261000,sim-pump-01,vibration_x,-0.360848,g,GOOD,3261
1700000003.262000,sim-pump-01,vibration_x,-0.447992,g,GOOD,3262
1700000003.263000,sim-pump-01,vibration_x,-1.072273,g,GOOD,3263
1700000003.264000,sim-pump-01,vibration_x,-1.106786,g,GOOD,3264
1700000003.265000,sim-pump-01,vibration_x,-1.298076,g,GOOD,3265
1700000003.266000,sim-pump-01,vibration_x,-1.421772,g,GOOD,3266
1700000003.267000,sim-pump-01,vibration_x,-1.750818,g,GOOD,3267
1700000003.268000,sim-pump-01,vibration_x,-1.769305,g,GOOD,3268
1700000003.269000,sim-pump-01,vibration_x,-2.145850,g,GOOD,3269
1700000003.270000,sim-pump-01,vibration_x,-2.679889,g,GOOD,3270
1700000003.271000,sim-pump-01,vibration_x,-3.147310,g,GOOD,3271
1700000003.272000,sim-pump-01,vibration_x,-3.036134,g,GOOD,3272
1700000003.273000,sim-pump-01,vibration_x,-3.549906,g,GOOD,3273
1700000003.274000,sim-pump-01,vibration_x,-3.860521,g,GOOD,3274
1700000003.275000,sim-pump-01,vibration_x,-3.671999,g,GOOD,3275
1700000003.276000,sim-pump-01,vibration_x,-3.459228,g,GOOD,3276
1700000003.277000,sim-pump-01,vibration_x,-2.541932,g,GOOD,3277
1700000003.278000,sim-pump-01,vibration_x,-1.869545,g,GOOD,3278
1700000003.279000,sim-pump-01,vibration_x,-0.964212,g,GOOD,3279
1700000003.280000,sim-pump-01,vibration_x,0.021565,g,GOOD,3280
1700000003.281000,sim-pump-01,vibration_x,1.134573,g,GOOD,3281
1700000003.282000,sim-pump-01,vibration_x,1.980753,g,GOOD,3282
1700000003.283000,sim-pump-01,vibration_x,2.715344,g,GOOD,3283
1700000003.284000,sim-pump-01,vibration_x,3.561521,g,GOOD,3284
1700000003.285000,sim-pump-01,vibration_x,3.579997,g,GOOD,3285
1700000003.286000,sim-pump-01,vibration_x,3.780171,g,GOOD,3286
1700000003.287000,sim-pump-01,vibration_x,3.516323,g,GOOD,3287
1700000003.288000,sim-pump-01,vibration_x,3.268460,g,GOOD,3288
1700000003.289000,sim-pump-01,vibration_x,3.116701,g,GOOD,3289
1700000003.290000,sim-pump-01,vibration_x,2.401987,g,GOOD,3290
1700000003.291000,sim-pump-01,vibration_x,2.210941,g,GOOD,3291
1700000003.292000,sim-pump-01,vibration_x,2.035390,g,GOOD,3292
1700000003.293000,sim-pump-01,vibration_x,1.544587,g,GOOD,3293
1700000003.294000,sim-pump-01,vibration_x,1.351168,g,GOOD,3294
1700000003.295000,sim-pump-01,vibration_x,1.063894,g,GOOD,3295
1700000003.296000,sim-pump-01,vibration_x,0.922385,g,GOOD,3296
1700000003.297000,sim-pump-01,vibration_x,1.165788,g,GOOD,3297
1700000003.298000,sim-pump-01,vibration_x,0.684425,g,GOOD,3298
1700000003.299000,sim-pump-01,vibration_x,0.171270,g,GOOD,3299
1700000003.300000,sim-pump-01,vibration_x,-0.067047,g,GOOD,3300
1700000003.301000,sim-pump-01,vibration_x,-0.403369,g,GOOD,3301
1700000003.302000,sim-pump-01,vibration_x,-0.713948,g,GOOD,3302
1700000003.303000,sim-pump-01,vibration_x,-1.031546,g,GOOD,3303
1700000003.304000,sim-pump-01,vibration_x,-1.270393,g,GOOD,3304
1700000003.305000,sim-pump-01,vibration_x,-1.118059,g,GOOD,3305
1700000003.306000,sim-pump-01,vibration_x,-1.360163,g,GOOD,3306
1700000003.307000,sim-pump-01,vibration_x,-1.761938,g,GOOD,3307
1700000003.308000,sim-pump-01,vibration_x,-1.883125,g,GOOD,3308
1700000003.309000,sim-pump-01,vibration_x,-2.182769,g,GOOD,3309
1700000003.310000,sim-pump-01,vibration_x,-2.557359,g,GOOD,3310
1700000003.311000,sim-pump-01,vibration_x,-2.861191,g,GOOD,3311
1700000003.312000,sim-pump-01,vibration_x,-3.385310,g,GOOD,3312
1700000003.313000,sim-pump-01,vibration_x,-3.682570,g,GOOD,3313
1700000003.314000,sim-pump-01,vibration_x,-3.706669,g,GOOD,3314
1700000003.315000,sim-pump-01,vibration_x,-3.650192,g,GOOD,3315
1700000003.316000,sim-pump-01,vibration_x,-3.169858,g,GOOD,3316
1700000003.317000,sim-pump-01,vibration_x,-2.964825,g,GOOD,3317
1700000003.318000,sim-pump-01,vibration_x,-1.782960,g,GOOD,3318
1700000003.319000,sim-pump-01,vibration_x,-0.718433,g,GOOD,3319
1700000003.320000,sim-pump-01,vibration_x,0.132047,g,GOOD,3320
1700000003.321000,sim-pump-01,vibration_x,0.706140,g,GOOD,3321
1700000003.322000,sim-pump-01,vibration_x,2.062594,g,GOOD,3322
1700000003.323000,sim-pump-01,vibration_x,2.516711,g,GOOD,3323
1700000003.324000,sim-pump-01,vibration_x,3.500674,g,GOOD,3324
1700000003.325000,sim-pump-01,vibration_x,3.589226,g,GOOD,3325
1700000003.326000,sim-pump-01,vibration_x,3.494498,g,GOOD,3326
1700000003.327000,sim-pump-01,vibration_x,3.757519,g,GOOD,3327
1700000003.328000,sim-pump-01,vibration_x,3.396518,g,GOOD,3328
1700000003.329000,sim-pump-01,vibration_x,2.870664,g,GOOD,3329
1700000003.330000,sim-pump-01,vibration_x,2.694522,g,GOOD,3330
1700000003.331000,sim-pump-01,vibration_x,2.172459,g,GOOD,3331
1700000003.332000,sim-pump-01,vibration_x,1.905371,g,GOOD,3332
1700000003.333000,sim-pump-01,vibration_x,1.843128,g,GOOD,3333
1700000003.334000,sim-pump-01,vibration_x,1.470337,g,GOOD,3334
1700000003.335000,sim-pump-01,vibration_x,1.297211,g,GOOD,3335
1700000003.336000,sim-pump-01,vibration_x,0.970378,g,GOOD,3336
1700000003.337000,sim-pump-01,vibration_x,0.880319,g,GOOD,3337
1700000003.338000,sim-pump-01,vibration_x,0.604482,g,GOOD,3338
1700000003.339000,sim-pump-01,vibration_x,0.440059,g,GOOD,3339
1700000003.340000,sim-pump-01,vibration_x,0.097537,g,GOOD,3340
1700000003.341000,sim-pump-01,vibration_x,-0.382776,g,GOOD,3341
1700000003.342000,sim-pump-01,vibration_x,-0.844894,g,GOOD,3342
1700000003.343000,sim-pump-01,vibration_x,-0.898328,g,GOOD,3343
1700000003.344000,sim-pump-01,vibration_x,-1.047276,g,GOOD,3344
1700000003.345000,sim-pump-01,vibration_x,-1.204445,g,GOOD,3345
1700000003.346000,sim-pump-01,vibration_x,-1.272402,g,GOOD,3346
1700000003.347000,sim-pump-01,vibration_x,-1.973739,g,GOOD,3347
1700000003.348000,sim-pump-01,vibration_x,-1.837332,g,GOOD,3348
1700000003.349000,sim-pump-01,vibration_x,-1.987291,g,GOOD,3349
1700000003.350000,sim-pump-01,vibration_x,-2.515628,g,GOOD,3350
1700000003.351000,sim-pump-01,vibration_x,-2.950360,g,GOOD,3351
1700000003.352000,sim-pump-01,vibration_x,-3.617990,g,GOOD,3352
1700000003.353000,sim-pump-01,vibration_x,-3.459707,g,GOOD,3353
1700000003.354000,sim-pump-01,vibration_x,-3.688117,g,GOOD,3354
1700000003.355000,sim-pump-01,vibration_x,-3.724547,g,GOOD,3355
1700000003.356000,sim-pump-01,vibration_x,-3.119065,g,GOOD,3356
1700000003.357000,sim-pump-01,vibration_x,-2.705270,g,GOOD,3357
1700000003.358000,sim-pump-01,vibration_x,-2.146736,g,GOOD,3358
1700000003.359000,sim-pump-01,vibration_x,-1.032148,g,GOOD,3359
1700000003.360000,sim-pump-01,vibration_x,-0.154337,g,GOOD,3360
1700000003.361000,sim-pump-01,vibration_x,0.950645,g,GOOD,3361
1700000003.362000,sim-pump-01,vibration_x,2.201448,g,GOOD,3362
1700000003.363000,sim-pump-01,vibration_x,2.354850,g,GOOD,3363
1700000003.364000,sim-pump-01,vibration_x,3.054807,g,GOOD,3364
1700000003.365000,sim-pump-01,vibration_x,3.523753,g,GOOD,3365
1700000003.366000,sim-pump-01,vibration_x,3.732627,g,GOOD,3366
1700000003.367000,sim-pump-01,vibration_x,3.830424,g,GOOD,3367
1700000003.368000,sim-pump-01,vibration_x,3.629909,g,GOOD,3368
1700000003.369000,sim-pump-01,vibration_x,2.813561,g,GOOD,3369
1700000003.370000,sim-pump-01,vibration_x,2.570015,g,GOOD,3370
1700000003.371000,sim-pump-01,vibration_x,2.367369,g,GOOD,3371
1700000003.372000,sim-pump-01,vibration_x,1.927981,g,GOOD,3372
1700000003.373000,sim-pump-01,vibration_x,1.415424,g,GOOD,3373
1700000003.374000,sim-pump-01,vibration_x,1.455145,g,GOOD,3374
1700000003.375000,sim-pump-01,vibration_x,1.308796,g,GOOD,3375
1700000003.376000,sim-pump-01,vibration_x,1.180240,g,GOOD,3376
1700000003.377000,sim-pump-01,vibration_x,0.897127,g,GOOD,3377
1700000003.378000,sim-pump-01,vibration_x,0.681674,g,GOOD,3378
1700000003.379000,sim-pump-01,vibration_x,0.054486,g,GOOD,3379
1700000003.380000,sim-pump-01,vibration_x,0.128305,g,GOOD,3380
1700000003.381000,sim-pump-01,vibration_x,-0.263298,g,GOOD,3381
1700000003.382000,sim-pump-01,vibration_x,-0.733174,g,GOOD,3382
1700000003.383000,sim-pump-01,vibration_x,-0.607403,g,GOOD,3383
1700000003.384000,sim-pump-01,vibration_x,-1.042950,g,GOOD,3384
1700000003.385000,sim-pump-01,vibration_x,-1.320839,g,GOOD,3385
1700000003.386000,sim-pump-01,vibration_x,-1.223510,g,GOOD,3386
1700000003.387000,sim-pump-01,vibration_x,-1.452950,g,GOOD,3387
1700000003.388000,sim-pump-01,vibration_x,-1.686836,g,GOOD,3388
1700000003.389000,sim-pump-01,vibration_x,-2.411294,g,GOOD,3389
1700000003.390000,sim-pump-01,vibration_x,-2.391313,g,GOOD,3390
1700000003.391000,sim-pump-01,vibration_x,-3.099902,g,GOOD,3391
1700000003.392000,sim-pump-01,vibration_x,-3.343712,g,GOOD,3392
1700000003.393000,sim-pump-01,vibration_x,-3.619118,g,GOOD,3393
1700000003.394000,sim-pump-01,vibration_x,-3.692202,g,GOOD,3394
1700000003.395000,sim-pump-01,vibration_x,-3.946188,g,GOOD,3395
1700000003.396000,sim-pump-01,vibration_x,-3.257243,g,GOOD,3396
1700000003.397000,sim-pump-01,vibration_x,-2.862952,g,GOOD,3397
1700000003.398000,sim-pump-01,vibration_x,-2.219304,g,GOOD,3398
1700000003.399000,sim-pump-01,vibration_x,-1.016901,g,GOOD,3399
1700000003.400000,sim-pump-01,vibration_x,-0.086103,g,GOOD,3400
1700000003.401000,sim-pump-01,vibration_x,1.169780,g,GOOD,3401
1700000003.402000,sim-pump-01,vibration_x,2.140609,g,GOOD,3402
1700000003.403000,sim-pump-01,vibration_x,2.695410,g,GOOD,3403
1700000003.404000,sim-pump-01,vibration_x,3.381951,g,GOOD,3404
1700000003.405000,sim-pump-01,vibration_x,3.405543,g,GOOD,3405
1700000003.406000,sim-pump-01,vibration_x,3.912072,g,GOOD,3406
1700000003.407000,sim-pump-01,vibration_x,3.583855,g,GOOD,3407
1700000003.408000,sim-pump-01,vibration_x,3.298385,g,GOOD,3408
1700000003.409000,sim-pump-01,vibration_x,2.880236,g,GOOD,3409
1700000003.410000,sim-pump-01,vibration_x,2.503552,g,GOOD,3410
1700000003.411000,sim-pump-01,vibration_x,2.190074,g,GOOD,3411
1700000003.412000,sim-pump-01,vibration_x,1.844481,g,GOOD,3412
1700000003.413000,sim-pump-01,vibration_x,1.852955,g,GOOD,3413
1700000003.414000,sim-pump-01,vibration_x,1.512873,g,GOOD,3414
1700000003.415000,sim-pump-01,vibration_x,1.209719,g,GOOD,3415
1700000003.416000,sim-pump-01,vibration_x,1.371231,g,GOOD,3416
1700000003.417000,sim-pump-01,vibration_x,1.124129,g,GOOD,3417
1700000003.418000,sim-pump-01,vibration_x,0.393295,g,GOOD,3418
1700000003.419000,sim-pump-01,vibration_x,0.379143,g,GOOD,3419
1700000003.420000,sim-pump-01,vibration_x,0.021974,g,GOOD,3420
1700000003.421000,sim-pump-01,vibration_x,-0.444021,g,GOOD,3421
1700000003.422000,sim-pump-01,vibration_x,-0.539939,g,GOOD,3422
1700000003.423000,sim-pump-01,vibration_x,-0.803721,g,GOOD,3423
1700000003.424000,sim-pump-01,vibration_x,-0.968676,g,GOOD,3424
1700000003.425000,sim-pump-01,vibration_x,-1.668053,g,GOOD,3425
1700000003.426000,sim-pump-01,vibration_x,-1.380560,g,GOOD,3426
1700000003.427000,sim-pump-01,vibration_x,-1.565333,g,GOOD,3427
1700000003.428000,sim-pump-01,vibration_x,-1.920644,g,GOOD,3428
1700000003.429000,sim-pump-01,vibration_x,-2.118578,g,GOOD,3429
1700000003.430000,sim-pump-01,vibration_x,-2.627547,g,GOOD,3430
1700000003.431000,sim-pump-01,vibration_x,-3.163383,g,GOOD,3431
1700000003.432000,sim-pump-01,vibration_x,-3.256936,g,GOOD,3432
1700000003.433000,sim-pump-01,vibration_x,-3.568000,g,GOOD,3433
1700000003.434000,sim-pump-01,vibration_x,-3.654126,g,GOOD,3434
1700000003.435000,sim-pump-01,vibration_x,-3.530021,g,GOOD,3435
1700000003.436000,sim-pump-01,vibration_x,-3.350209,g,GOOD,3436
1700000003.437000,sim-pump-01,vibration_x,-2.930225,g,GOOD,3437
1700000003.438000,sim-pump-01,vibration_x,-2.181669,g,GOOD,3438
1700000003.439000,sim-pump-01,vibration_x,-0.865114,g,GOOD,3439
1700000003.440000,sim-pump-01,vibration_x,0.090789,g,GOOD,3440
1700000003.441000,sim-pump-01,vibration_x,1.058131,g,GOOD,3441
1700000003.442000,sim-pump-01,vibration_x,1.796473,g,GOOD,3442
1700000003.443000,sim-pump-01,vibration_x,2.638027,g,GOOD,3443
1700000003.444000,sim-pump-01,vibration_x,3.401474,g,GOOD,3444
1700000003.445000,sim-pump-01,vibration_x,3.654101,g,GOOD,3445
1700000003.446000,sim-pump-01,vibration_x,3.964471,g,GOOD,3446
1700000003.447000,sim-pump-01,vibration_x,3.698256,g,GOOD,3447
1700000003.448000,sim-pump-01,vibration_x,3.245766,g,GOOD,3448
1700000003.449000,sim-pump-01,vibration_x,2.823127,g,GOOD,3449
1700000003.450000,sim-pump-01,vibration_x,2.501579,g,GOOD,3450
1700000003.451000,sim-pump-01,vibration_x,2.209274,g,GOOD,3451
1700000003.452000,sim-pump-01,vibration_x,1.728391,g,GOOD,3452
1700000003.453000,sim-pump-01,vibration_x,1.667128,g,GOOD,3453
1700000003.454000,sim-pump-01,vibration_x,1.375885,g,GOOD,3454
1700000003.455000,sim-pump-01,vibration_x,1.104586,g,GOOD,3455
1700000003.456000,sim-pump-01,vibration_x,1.214123,g,GOOD,3456
1700000003.457000,sim-pump-01,vibration_x,0.795294,g,GOOD,3457
1700000003.458000,sim-pump-01,vibration_x,0.631020,g,GOOD,3458
1700000003.459000,sim-pump-01,vibration_x,0.301172,g,GOOD,3459
1700000003.460000,sim-pump-01,vibration_x,-0.028097,g,GOOD,3460
1700000003.461000,sim-pump-01,vibration_x,-0.347160,g,GOOD,3461
1700000003.462000,sim-pump-01,vibration_x,-0.587819,g,GOOD,3462
1700000003.463000,sim-pump-01,vibration_x,-0.892829,g,GOOD,3463
1700000003.464000,sim-pump-01,vibration_x,-1.172354,g,GOOD,3464
1700000003.465000,sim-pump-01,vibration_x,-1.439959,g,GOOD,3465
1700000003.466000,sim-pump-01,vibration_x,-1.367692,g,GOOD,3466
1700000003.467000,sim-pump-01,vibration_x,-1.491168,g,GOOD,3467
1700000003.468000,sim-pump-01,vibration_x,-1.754019,g,GOOD,3468
1700000003.469000,sim-pump-01,vibration_x,-2.347893,g,GOOD,3469
1700000003.470000,sim-pump-01,vibration_x,-2.513513,g,GOOD,3470
1700000003.471000,sim-pump-01,vibration_x,-2.875709,g,GOOD,3471
1700000003.472000,sim-pump-01,vibration_x,-3.466028,g,GOOD,3472
1700000003.473000,sim-pump-01,vibration_x,-3.468718,g,GOOD,3473
1700000003.474000,sim-pump-01,vibration_x,-3.582352,g,GOOD,3474
1700000003.475000,sim-pump-01,vibration_x,-3.821316,g,GOOD,3475
1700000003.476000,sim-pump-01,vibration_x,-3.191951,g,GOOD,3476
1700000003.477000,sim-pump-01,vibration_x,-2.497119,g,GOOD,3477
1700000003.478000,sim-pump-01,vibration_x,-1.848205,g,GOOD,3478
1700000003.479000,sim-pump-01,vibration_x,-1.410125,g,GOOD,3479
1700000003.480000,sim-pump-01,vibration_x,0.077709,g,GOOD,3480
1700000003.481000,sim-pump-01,vibration_x,1.074301,g,GOOD,3481
1700000003.482000,sim-pump-01,vibration_x,1.924394,g,GOOD,3482
1700000003.483000,sim-pump-01,vibration_x,2.766720,g,GOOD,3483
1700000003.484000,sim-pump-01,vibration_x,3.384464,g,GOOD,3484
1700000003.485000,sim-pump-01,vibration_x,3.572333,g,GOOD,3485
1700000003.486000,sim-pump-01,vibration_x,3.591621,g,GOOD,3486
1700000003.487000,sim-pump-01,vibration_x,3.266695,g,GOOD,3487
1700000003.488000,sim-pump-01,vibration_x,3.417400,g,GOOD,3488
1700000003.489000,sim-pump-01,vibration_x,3.025336,g,GOOD,3489
1700000003.490000,sim-pump-01,vibration_x,2.853162,g,GOOD,3490
1700000003.491000,sim-pump-01,vibration_x,1.769315,g,GOOD,3491
1700000003.492000,sim-pump-01,vibration_x,1.760446,g,GOOD,3492
1700000003.493000,sim-pump-01,vibration_x,1.352077,g,GOOD,3493
1700000003.494000,sim-pump-01,vibration_x,1.388807,g,GOOD,3494
1700000003.495000,sim-pump-01,vibration_x,1.435038,g,GOOD,3495
1700000003.496000,sim-pump-01,vibration_x,1.066271,g,GOOD,3496
1700000003.497000,sim-pump-01,vibration_x,0.659053,g,GOOD,3497
1700000003.498000,sim-pump-01,vibration_x,0.872973,g,GOOD,3498
1700000003.499000,sim-pump-01,vibration_x,0.325950,g,GOOD,3499
1700000003.500000,sim-pump-01,vibration_x,0.196362,g,GOOD,3500
1700000003.501000,sim-pump-01,vibration_x,-0.601754,g,GOOD,3501
1700000003.502000,sim-pump-01,vibration_x,-0.828696,g,GOOD,3502
1700000003.503000,sim-pump-01,vibration_x,-0.951016,g,GOOD,3503
1700000003.504000,sim-pump-01,vibration_x,-0.836985,g,GOOD,3504
1700000003.505000,sim-pump-01,vibration_x,-1.359350,g,GOOD,3505
1700000003.506000,sim-pump-01,vibration_x,-1.284174,g,GOOD,3506
1700000003.507000,sim-pump-01,vibration_x,-1.507142,g,GOOD,3507
1700000003.508000,sim-pump-01,vibration_x,-1.752897,g,GOOD,3508
1700000003.509000,sim-pump-01,vibration_x,-2.249616,g,GOOD,3509
1700000003.510000,sim-pump-01,vibration_x,-2.612370,g,GOOD,3510
1700000003.511000,sim-pump-01,vibration_x,-2.886190,g,GOOD,3511
1700000003.512000,sim-pump-01,vibration_x,-3.300144,g,GOOD,3512
1700000003.513000,sim-pump-01,vibration_x,-3.526178,g,GOOD,3513
1700000003.514000,sim-pump-01,vibration_x,-3.687754,g,GOOD,3514
1700000003.515000,sim-pump-01,vibration_x,-3.517904,g,GOOD,3515
1700000003.516000,sim-pump-01,vibration_x,-3.358326,g,GOOD,3516
1700000003.517000,sim-pump-01,vibration_x,-2.851699,g,GOOD,3517
1700000003.518000,sim-pump-01,vibration_x,-2.117166,g,GOOD,3518
1700000003.519000,sim-pump-01,vibration_x,-1.221203,g,GOOD,3519
1700000003.520000,sim-pump-01,vibration_x,-0.015778,g,GOOD,3520
1700000003.521000,sim-pump-01,vibration_x,0.913447,g,GOOD,3521
1700000003.522000,sim-pump-01,vibration_x,2.318286,g,GOOD,3522
1700000003.523000,sim-pump-01,vibration_x,2.814844,g,GOOD,3523
1700000003.524000,sim-pump-01,vibration_x,3.655700,g,GOOD,3524
1700000003.525000,sim-pump-01,vibration_x,3.831694,g,GOOD,3525
1700000003.526000,sim-pump-01,vibration_x,3.730943,g,GOOD,3526
1700000003.527000,sim-pump-01,vibration_x,3.661661,g,GOOD,3527
1700000003.528000,sim-pump-01,vibration_x,3.501013,g,GOOD,3528
1700000003.529000,sim-pump-01,vibration_x,2.977352,g,GOOD,3529
1700000003.530000,sim-pump-01,vibration_x,2.607801,g,GOOD,3530
1700000003.531000,sim-pump-01,vibration_x,2.182321,g,GOOD,3531
1700000003.532000,sim-pump-01,vibration_x,1.838844,g,GOOD,3532
1700000003.533000,sim-pump-01,vibration_x,1.274481,g,GOOD,3533
1700000003.534000,sim-pump-01,vibration_x,1.434020,g,GOOD,3534
1700000003.535000,sim-pump-01,vibration_x,0.903262,g,GOOD,3535
1700000003.536000,sim-pump-01,vibration_x,1.142153,g,GOOD,3536
1700000003.537000,sim-pump-01,vibration_x,0.719958,g,GOOD,3537
1700000003.538000,sim-pump-01,vibration_x,0.581165,g,GOOD,3538
1700000003.539000,sim-pump-01,vibration_x,0.352887,g,GOOD,3539
1700000003.540000,sim-pump-01,vibration_x,-0.070134,g,GOOD,3540
1700000003.541000,sim-pump-01,vibration_x,-0.466956,g,GOOD,3541
1700000003.542000,sim-pump-01,vibration_x,-0.493985,g,GOOD,3542
1700000003.543000,sim-pump-01,vibration_x,-0.790702,g,GOOD,3543
1700000003.544000,sim-pump-01,vibration_x,-1.089170,g,GOOD,3544
1700000003.545000,sim-pump-01,vibration_x,-1.394462,g,GOOD,3545
1700000003.546000,sim-pump-01,vibration_x,-1.128276,g,GOOD,3546
1700000003.547000,sim-pump-01,vibration_x,-1.435834,g,GOOD,3547
1700000003.548000,sim-pump-01,vibration_x,-1.745131,g,GOOD,3548
1700000003.549000,sim-pump-01,vibration_x,-2.208581,g,GOOD,3549
1700000003.550000,sim-pump-01,vibration_x,-2.415882,g,GOOD,3550
1700000003.551000,sim-pump-01,vibration_x,-2.987739,g,GOOD,3551
1700000003.552000,sim-pump-01,vibration_x,-3.256965,g,GOOD,3552
1700000003.553000,sim-pump-01,vibration_x,-3.557299,g,GOOD,3553
1700000003.554000,sim-pump-01,vibration_x,-3.838589,g,GOOD,3554
1700000003.555000,sim-pump-01,vibration_x,-3.999203,g,GOOD,3555
1700000003.556000,sim-pump-01,vibration_x,-3.468498,g,GOOD,3556
1700000003.557000,sim-pump-01,vibration_x,-2.913216,g,GOOD,3557
1700000003.558000,sim-pump-01,vibration_x,-1.976959,g,GOOD,3558
1700000003.559000,sim-pump-01,vibration_x,-1.301107,g,GOOD,3559
1700000003.560000,sim-pump-01,vibration_x,0.040115,g,GOOD,3560
1700000003.561000,sim-pump-01,vibration_x,1.140027,g,GOOD,3561
1700000003.562000,sim-pump-01,vibration_x,1.928479,g,GOOD,3562
1700000003.563000,sim-pump-01,vibration_x,2.639375,g,GOOD,3563
1700000003.564000,sim-pump-01,vibration_x,3.442459,g,GOOD,3564
1700000003.565000,sim-pump-01,vibration_x,3.542894,g,GOOD,3565
1700000003.566000,sim-pump-01,vibration_x,3.613303,g,GOOD,3566
1700000003.567000,sim-pump-01,vibration_x,3.678833,g,GOOD,3567
1700000003.568000,sim-pump-01,vibration_x,3.513439,g,GOOD,3568
1700000003.569000,sim-pump-01,vibration_x,3.179260,g,GOOD,3569
1700000003.570000,sim-pump-01,vibration_x,2.328304,g,GOOD,3570
1700000003.571000,sim-pump-01,vibration_x,2.022170,g,GOOD,3571
1700000003.572000,sim-pump-01,vibration_x,1.915049,g,GOOD,3572
1700000003.573000,sim-pump-01,vibration_x,1.803485,g,GOOD,3573
1700000003.574000,sim-pump-01,vibration_x,1.390084,g,GOOD,3574
1700000003.575000,sim-pump-01,vibration_x,1.024990,g,GOOD,3575
1700000003.576000,sim-pump-01,vibration_x,0.842468,g,GOOD,3576
1700000003.577000,sim-pump-01,vibration_x,0.790804,g,GOOD,3577
1700000003.578000,sim-pump-01,vibration_x,0.401745,g,GOOD,3578
1700000003.579000,sim-pump-01,vibration_x,0.321214,g,GOOD,3579
1700000003.580000,sim-pump-01,vibration_x,0.233736,g,GOOD,3580
1700000003.581000,sim-pump-01,vibration_x,-0.408257,g,GOOD,3581
1700000003.582000,sim-pump-01,vibration_x,-0.398513,g,GOOD,3582
1700000003.583000,sim-pump-01,vibration_x,-0.809431,g,GOOD,3583
1700000003.584000,sim-pump-01,vibration_x,-1.199766,g,GOOD,3584
1700000003.585000,sim-pump-01,vibration_x,-1.245802,g,GOOD,3585
1700000003.586000,sim-pump-01,vibration_x,-1.481307,g,GOOD,3586
1700000003.587000,sim-pump-01,vibration_x,-1.830243,g,GOOD,3587
1700000003.588000,sim-pump-01,vibration_x,-1.961601,g,GOOD,3588
1700000003.589000,sim-pump-01,vibration_x,-2.122123,g,GOOD,3589
1700000003.590000,sim-pump-01,vibration_x,-2.665318,g,GOOD,3590
1700000003.591000,sim-pump-01,vibration_x,-3.059040,g,GOOD,3591
1700000003.592000,sim-pump-01,vibration_x,-3.179667,g,GOOD,3592
1700000003.593000,sim-pump-01,vibration_x,-3.421155,g,GOOD,3593
1700000003.594000,sim-pump-01,vibration_x,-3.486813,g,GOOD,3594
1700000003.595000,sim-pump-01,vibration_x,-3.846282,g,GOOD,3595
1700000003.596000,sim-pump-01,vibration_x,-3.193528,g,GOOD,3596
1700000003.597000,sim-pump-01,vibration_x,-2.876007,g,GOOD,3597
1700000003.598000,sim-pump-01,vibration_x,-2.061455,g,GOOD,3598
1700000003.599000,sim-pump-01,vibration_x,-0.945361,g,GOOD,3599
1700000003.600000,sim-pump-01,vibration_x,0.288350,g,GOOD,3600
1700000003.601000,sim-pump-01,vibration_x,1.048055,g,GOOD,3601
1700000003.602000,sim-pump-01,vibration_x,1.802463,g,GOOD,3602
1700000003.603000,sim-pump-01,vibration_x,2.947171,g,GOOD,3603
1700000003.604000,sim-pump-01,vibration_x,3.129180,g,GOOD,3604
1700000003.605000,sim-pump-01,vibration_x,3.467930,g,GOOD,3605
1700000003.606000,sim-pump-01,vibration_x,3.506054,g,GOOD,3606
1700000003.607000,sim-pump-01,vibration_x,3.623911,g,GOOD,3607
1700000003.608000,sim-pump-01,vibration_x,3.232405,g,GOOD,3608
1700000003.609000,sim-pump-01,vibration_x,2.806354,g,GOOD,3609
1700000003.610000,sim-pump-01,vibration_x,2.214558,g,GOOD,3610
1700000003.611000,sim-pump-01,vibration_x,2.179723,g,GOOD,3611
1700000003.612000,sim-pump-01,vibration_x,1.971153,g,GOOD,3612
1700000003.613000,sim-pump-01,vibration_x,1.514924,g,GOOD,3613
1700000003.614000,sim-pump-01,vibration_x,1.230286,g,GOOD,3614
1700000003.615000,sim-pump-01,vibration_x,1.026631,g,GOOD,3615
1700000003.616000,sim-pump-01,vibration_x,1.007669,g,GOOD,3616
1700000003.617000,sim-pump-01,vibration_x,1.025690,g,GOOD,3617
1700000003.618000,sim-pump-01,vibration_x,0.583950,g,GOOD,3618
1700000003.619000,sim-pump-01,vibration_x,0.343175,g,GOOD,3619
1700000003.620000,sim-pump-01,vibration_x,-0.016260,g,GOOD,3620
1700000003.621000,sim-pump-01,vibration_x,-0.262413,g,GOOD,3621
1700000003.622000,sim-pump-01,vibration_x,-0.800316,g,GOOD,3622
1700000003.623000,sim-pump-01,vibration_x,-0.717168,g,GOOD,3623
1700000003.624000,sim-pump-01,vibration_x,-0.768214,g,GOOD,3624
1700000003.625000,sim-pump-01,vibration_x,-1.229800,g,GOOD,3625
1700000003.626000,sim-pump-01,vibration_x,-1.520197,g,GOOD,3626
1700000003.627000,sim-pump-01,vibration_x,-1.705215,g,GOOD,3627
1700000003.628000,sim-pump-01,vibration_x,-1.685771,g,GOOD,3628
1700000003.629000,sim-pump-01,vibration_x,-2.158035,g,GOOD,3629
1700000003.630000,sim-pump-01,vibration_x,-2.816021,g,GOOD,3630
1700000003.631000,sim-pump-01,vibration_x,-2.959115,g,GOOD,3631
1700000003.632000,sim-pump-01,vibration_x,-3.536836,g,GOOD,3632
1700000003.633000,sim-pump-01,vibration_x,-3.777955,g,GOOD,3633
1700000003.634000,sim-pump-01,vibration_x,-3.595137,g,GOOD,3634
1700000003.635000,sim-pump-01,vibration_x,-3.683289,g,GOOD,3635
1700000003.636000,sim-pump-01,vibration_x,-3.126000,g,GOOD,3636
1700000003.637000,sim-pump-01,vibration_x,-2.798333,g,GOOD,3637
1700000003.638000,sim-pump-01,vibration_x,-2.186341,g,GOOD,3638
1700000003.639000,sim-pump-01,vibration_x,-1.115256,g,GOOD,3639
1700000003.640000,sim-pump-01,vibration_x,-0.029362,g,GOOD,3640
1700000003.641000,sim-pump-01,vibration_x,0.982961,g,GOOD,3641
1700000003.642000,sim-pump-01,vibration_x,2.337920,g,GOOD,3642
1700000003.643000,sim-pump-01,vibration_x,2.446724,g,GOOD,3643
1700000003.644000,sim-pump-01,vibration_x,3.180388,g,GOOD,3644
1700000003.645000,sim-pump-01,vibration_x,3.553314,g,GOOD,3645
1700000003.646000,sim-pump-01,vibration_x,3.584395,g,GOOD,3646
1700000003.647000,sim-pump-01,vibration_x,3.766345,g,GOOD,3647
1700000003.648000,sim-pump-01,vibration_x,3.335663,g,GOOD,3648
1700000003.649000,sim-pump-01,vibration_x,2.982647,g,GOOD,3649
1700000003.650000,sim-pump-01,vibration_x,2.338168,g,GOOD,3650
1700000003.651000,sim-pump-01,vibration_x,2.373975,g,GOOD,3651
1700000003.652000,sim-pump-01,vibration_x,2.222999,g,GOOD,3652
1700000003.653000,sim-pump-01,vibration_x,1.465071,g,GOOD,3653
1700000003.654000,sim-pump-01,vibration_x,1.292804,g,GOOD,3654
1700000003.655000,sim-pump-01,vibration_x,1.140067,g,GOOD,3655
1700000003.656000,sim-pump-01,vibration_x,1.175851,g,GOOD,3656
1700000003.657000,sim-pump-01,vibration_x,0.675517,g,GOOD,3657
1700000003.658000,sim-pump-01,vibration_x,0.468580,g,GOOD,3658
1700000003.659000,sim-pump-01,vibration_x,0.202682,g,GOOD,3659
1700000003.660000,sim-pump-01,vibration_x,0.037880,g,GOOD,3660
1700000003.661000,sim-pump-01,vibration_x,-0.129504,g,GOOD,3661
1700000003.662000,sim-pump-01,vibration_x,-0.885790,g,GOOD,3662
1700000003.663000,sim-pump-01,vibration_x,-0.862088,g,GOOD,3663
1700000003.664000,sim-pump-01,vibration_x,-0.932464,g,GOOD,3664
1700000003.665000,sim-pump-01,vibration_x,-0.970440,g,GOOD,3665
1700000003.666000,sim-pump-01,vibration_x,-1.441099,g,GOOD,3666
1700000003.667000,sim-pump-01,vibration_x,-1.681379,g,GOOD,3667
1700000003.668000,sim-pump-01,vibration_x,-1.939676,g,GOOD,3668
1700000003.669000,sim-pump-01,vibration_x,-2.257742,g,GOOD,3669
1700000003.670000,sim-pump-01,vibration_x,-2.568548,g,GOOD,3670
1700000003.671000,sim-pump-01,vibration_x,-2.789160,g,GOOD,3671
1700000003.672000,sim-pump-01,vibration_x,-3.347459,g,GOOD,3672
1700000003.673000,sim-pump-01,vibration_x,-3.626065,g,GOOD,3673
1700000003.674000,sim-pump-01,vibration_x,-3.689516,g,GOOD,3674
1700000003.675000,sim-pump-01,vibration_x,-3.804003,g,GOOD,3675
1700000003.676000,sim-pump-01,vibration_x,-3.537982,g,GOOD,3676
1700000003.677000,sim-pump-01,vibration_x,-2.705873,g,GOOD,3677
1700000003.678000,sim-pump-01,vibration_x,-2.030486,g,GOOD,3678
1700000003.679000,sim-pump-01,vibration_x,-1.063541,g,GOOD,3679
1700000003.680000,sim-pump-01,vibration_x,-0.126302,g,GOOD,3680
1700000003.681000,sim-pump-01,vibration_x,0.962385,g,GOOD,3681
1700000003.682000,sim-pump-01,vibration_x,2.017874,g,GOOD,3682
1700000003.683000,sim-pump-01,vibration_x,2.977942,g,GOOD,3683
1700000003.684000,sim-pump-01,vibration_x,3.336956,g,GOOD,3684
1700000003.685000,sim-pump-01,vibration_x,3.749374,g,GOOD,3685
1700000003.686000,sim-pump-01,vibration_x,3.593511,g,GOOD,3686
1700000003.687000,sim-pump-01,vibration_x,3.585311,g,GOOD,3687
1700000003.688000,sim-pump-01,vibration_x,3.197143,g,GOOD,3688
1700000003.689000,sim-pump-01,vibration_x,3.294032,g,GOOD,3689
1700000003.690000,sim-pump-01,vibration_x,2.807896,g,GOOD,3690
1700000003.691000,sim-pump-01,vibration_x,2.176461,g,GOOD,3691
1700000003.692000,sim-pump-01,vibration_x,1.898969,g,GOOD,3692
1700000003.693000,sim-pump-01,vibration_x,1.341231,g,GOOD,3693
1700000003.694000,sim-pump-01,vibration_x,1.423821,g,GOOD,3694
1700000003.695000,sim-pump-01,vibration_x,0.938313,g,GOOD,3695
1700000003.696000,sim-pump-01,vibration_x,0.849436,g,GOOD,3696
1700000003.697000,sim-pump-01,vibration_x,1.183579,g,GOOD,3697
1700000003.698000,sim-pump-01,vibration_x,0.662418,g,GOOD,3698
1700000003.699000,sim-pump-01,vibration_x,0.262852,g,GOOD,3699
1700000003.700000,sim-pump-01,vibration_x,-0.093078,g,GOOD,3700
1700000003.701000,sim-pump-01,vibration_x,-0.327765,g,GOOD,3701
1700000003.702000,sim-pump-01,vibration_x,-0.596692,g,GOOD,3702
1700000003.703000,sim-pump-01,vibration_x,-0.722145,g,GOOD,3703
1700000003.704000,sim-pump-01,vibration_x,-0.715976,g,GOOD,3704
1700000003.705000,sim-pump-01,vibration_x,-0.850465,g,GOOD,3705
1700000003.706000,sim-pump-01,vibration_x,-1.589334,g,GOOD,3706
1700000003.707000,sim-pump-01,vibration_x,-1.671467,g,GOOD,3707
1700000003.708000,sim-pump-01,vibration_x,-1.852264,g,GOOD,3708
1700000003.709000,sim-pump-01,vibration_x,-2.171125,g,GOOD,3709
1700000003.710000,sim-pump-01,vibration_x,-2.442807,g,GOOD,3710
1700000003.711000,sim-pump-01,vibration_x,-3.182574,g,GOOD,3711
1700000003.712000,sim-pump-01,vibration_x,-3.344780,g,GOOD,3712
1700000003.713000,sim-pump-01,vibration_x,-3.256063,g,GOOD,3713
1700000003.714000,sim-pump-01,vibration_x,-3.659413,g,GOOD,3714
1700000003.715000,sim-pump-01,vibration_x,-3.795343,g,GOOD,3715
1700000003.716000,sim-pump-01,vibration_x,-3.580043,g,GOOD,3716
1700000003.717000,sim-pump-01,vibration_x,-2.736482,g,GOOD,3717
1700000003.718000,sim-pump-01,vibration_x,-1.774929,g,GOOD,3718
1700000003.719000,sim-pump-01,vibration_x,-1.209352,g,GOOD,3719
1700000003.720000,sim-pump-01,vibration_x,-0.251419,g,GOOD,3720
1700000003.721000,sim-pump-01,vibration_x,0.879631,g,GOOD,3721
1700000003.722000,sim-pump-01,vibration_x,1.984965,g,GOOD,3722
1700000003.723000,sim-pump-01,vibration_x,2.587383,g,GOOD,3723
1700000003.724000,sim-pump-01,vibration_x,3.459985,g,GOOD,3724
1700000003.725000,sim-pump-01,vibration_x,3.550553,g,GOOD,3725
1700000003.726000,sim-pump-01,vibration_x,3.611754,g,GOOD,3726
1700000003.727000,sim-pump-01,vibration_x,3.655023,g,GOOD,3727
1700000003.728000,sim-pump-01,vibration_x,3.456106,g,GOOD,3728
1700000003.729000,sim-pump-01,vibration_x,2.807880,g,GOOD,3729
1700000003.730000,sim-pump-01,vibration_x,2.495054,g,GOOD,3730
1700000003.731000,sim-pump-01,vibration_x,2.569037,g,GOOD,3731
1700000003.732000,sim-pump-01,vibration_x,1.525277,g,GOOD,3732
1700000003.733000,sim-pump-01,vibration_x,1.812235,g,GOOD,3733
1700000003.734000,sim-pump-01,vibration_x,1.485532,g,GOOD,3734
1700000003.735000,sim-pump-01,vibration_x,1.107100,g,GOOD,3735
1700000003.736000,sim-pump-01,vibration_x,0.952623,g,GOOD,3736
1700000003.737000,sim-pump-01,vibration_x,0.590182,g,GOOD,3737
1700000003.738000,sim-pump-01,vibration_x,0.321129,g,GOOD,3738
1700000003.739000,sim-pump-01,vibration_x,0.231837,g,GOOD,3739
1700000003.740000,sim-pump-01,vibration_x,0.080151,g,GOOD,3740
1700000003.741000,sim-pump-01,vibration_x,-0.398958,g,GOOD,3741
1700000003.742000,sim-pump-01,vibration_x,-0.433217,g,GOOD,3742
1700000003.743000,sim-pump-01,vibration_x,-0.858268,g,GOOD,3743
1700000003.744000,sim-pump-01,vibration_x,-0.982284,g,GOOD,3744
1700000003.745000,sim-pump-01,vibration_x,-1.424441,g,GOOD,3745
1700000003.746000,sim-pump-01,vibration_x,-1.441300,g,GOOD,3746
1700000003.747000,sim-pump-01,vibration_x,-1.444247,g,GOOD,3747
1700000003.748000,sim-pump-01,vibration_x,-1.936864,g,GOOD,3748
1700000003.749000,sim-pump-01,vibration_x,-2.291011,g,GOOD,3749
1700000003.750000,sim-pump-01,vibration_x,-2.847970,g,GOOD,3750
1700000003.751000,sim-pump-01,vibration_x,-2.928188,g,GOOD,3751
1700000003.752000,sim-pump-01,vibration_x,-3.391297,g,GOOD,3752
1700000003.753000,sim-pump-01,vibration_x,-3.658878,g,GOOD,3753
1700000003.754000,sim-pump-01,vibration_x,-3.428582,g,GOOD,3754
1700000003.755000,sim-pump-01,vibration_x,-3.471848,g,GOOD,3755
1700000003.756000,sim-pump-01,vibration_x,-3.446493,g,GOOD,3756
1700000003.757000,sim-pump-01,vibration_x,-2.804293,g,GOOD,3757
1700000003.758000,sim-pump-01,vibration_x,-1.788351,g,GOOD,3758
1700000003.759000,sim-pump-01,vibration_x,-0.647132,g,GOOD,3759
1700000003.760000,sim-pump-01,vibration_x,-0.124570,g,GOOD,3760
1700000003.761000,sim-pump-01,vibration_x,0.989590,g,GOOD,3761
1700000003.762000,sim-pump-01,vibration_x,2.010222,g,GOOD,3762
1700000003.763000,sim-pump-01,vibration_x,2.757439,g,GOOD,3763
1700000003.764000,sim-pump-01,vibration_x,3.425976,g,GOOD,3764
1700000003.765000,sim-pump-01,vibration_x,3.853408,g,GOOD,3765
1700000003.766000,sim-pump-01,vibration_x,3.624853,g,GOOD,3766
1700000003.767000,sim-pump-01,vibration_x,3.736612,g,GOOD,3767
1700000003.768000,sim-pump-01,vibration_x,3.101168,g,GOOD,3768
1700000003.769000,sim-pump-01,vibration_x,2.976346,g,GOOD,3769
1700000003.770000,sim-pump-01,vibration_x,2.664823,g,GOOD,3770
1700000003.771000,sim-pump-01,vibration_x,2.014487,g,GOOD,3771
1700000003.772000,sim-pump-01,vibration_x,1.709655,g,GOOD,3772
1700000003.773000,sim-pump-01,vibration_x,1.602488,g,GOOD,3773
1700000003.774000,sim-pump-01,vibration_x,1.121888,g,GOOD,3774
1700000003.775000,sim-pump-01,vibration_x,1.329322,g,GOOD,3775
1700000003.776000,sim-pump-01,vibration_x,0.824352,g,GOOD,3776
1700000003.777000,sim-pump-01,vibration_x,0.545546,g,GOOD,3777
1700000003.778000,sim-pump-01,vibration_x,0.579372,g,GOOD,3778
1700000003.779000,sim-pump-01,vibration_x,0.236623,g,GOOD,3779
1700000003.780000,sim-pump-01,vibration_x,-0.017703,g,GOOD,3780
1700000003.781000,sim-pump-01,vibration_x,-0.224147,g,GOOD,3781
1700000003.782000,sim-pump-01,vibration_x,-0.768706,g,GOOD,3782
1700000003.783000,sim-pump-01,vibration_x,-0.789941,g,GOOD,3783
1700000003.784000,sim-pump-01,vibration_x,-1.268715,g,GOOD,3784
1700000003.785000,sim-pump-01,vibration_x,-1.101541,g,GOOD,3785
1700000003.786000,sim-pump-01,vibration_x,-1.189312,g,GOOD,3786
1700000003.787000,sim-pump-01,vibration_x,-1.699717,g,GOOD,3787
1700000003.788000,sim-pump-01,vibration_x,-1.860073,g,GOOD,3788
1700000003.789000,sim-pump-01,vibration_x,-2.050522,g,GOOD,3789
1700000003.790000,sim-pump-01,vibration_x,-2.610557,g,GOOD,3790
1700000003.791000,sim-pump-01,vibration_x,-2.932713,g,GOOD,3791
1700000003.792000,sim-pump-01,vibration_x,-3.557958,g,GOOD,3792
1700000003.793000,sim-pump-01,vibration_x,-3.848533,g,GOOD,3793
1700000003.794000,sim-pump-01,vibration_x,-3.698543,g,GOOD,3794
1700000003.795000,sim-pump-01,vibration_x,-3.559442,g,GOOD,3795
1700000003.796000,sim-pump-01,vibration_x,-3.283506,g,GOOD,3796
1700000003.797000,sim-pump-01,vibration_x,-3.010637,g,GOOD,3797
1700000003.798000,sim-pump-01,vibration_x,-2.033661,g,GOOD,3798
1700000003.799000,sim-pump-01,vibration_x,-0.956647,g,GOOD,3799
1700000003.800000,sim-pump-01,vibration_x,-0.013191,g,GOOD,3800
1700000003.801000,sim-pump-01,vibration_x,1.186331,g,GOOD,3801
1700000003.802000,sim-pump-01,vibration_x,1.743240,g,GOOD,3802
1700000003.803000,sim-pump-01,vibration_x,2.762097,g,GOOD,3803
1700000003.804000,sim-pump-01,vibration_x,3.238518,g,GOOD,3804
1700000003.805000,sim-pump-01,vibration_x,3.613005,g,GOOD,3805
1700000003.806000,sim-pump-01,vibration_x,3.678508,g,GOOD,3806
1700000003.807000,sim-pump-01,vibration_x,3.446252,g,GOOD,3807
1700000003.808000,sim-pump-01,vibration_x,3.156143,g,GOOD,3808
1700000003.809000,sim-pump-01,vibration_x,2.842421,g,GOOD,3809
1700000003.810000,sim-pump-01,vibration_x,2.592263,g,GOOD,3810
1700000003.811000,sim-pump-01,vibration_x,1.887974,g,GOOD,3811
1700000003.812000,sim-pump-01,vibration_x,1.806174,g,GOOD,3812
1700000003.813000,sim-pump-01,vibration_x,1.628912,g,GOOD,3813
1700000003.814000,sim-pump-01,vibration_x,1.237873,g,GOOD,3814
1700000003.815000,sim-pump-01,vibration_x,1.179614,g,GOOD,3815
1700000003.816000,sim-pump-01,vibration_x,1.238146,g,GOOD,3816
1700000003.817000,sim-pump-01,vibration_x,0.583054,g,GOOD,3817
1700000003.818000,sim-pump-01,vibration_x,0.520396,g,GOOD,3818
1700000003.819000,sim-pump-01,vibration_x,0.418771,g,GOOD,3819
1700000003.820000,sim-pump-01,vibration_x,0.288647,g,GOOD,3820
1700000003.821000,sim-pump-01,vibration_x,-0.514773,g,GOOD,3821
1700000003.822000,sim-pump-01,vibration_x,-0.369221,g,GOOD,3822
1700000003.823000,sim-pump-01,vibration_x,-0.836366,g,GOOD,3823
1700000003.824000,sim-pump-01,vibration_x,-0.922744,g,GOOD,3824
1700000003.825000,sim-pump-01,vibration_x,-1.162966,g,GOOD,3825
1700000003.826000,sim-pump-01,vibration_x,-1.534696,g,GOOD,3826
1700000003.827000,sim-pump-01,vibration_x,-1.859361,g,GOOD,3827
1700000003.828000,sim-pump-01,vibration_x,-2.030251,g,GOOD,3828
1700000003.829000,sim-pump-01,vibration_x,-2.375471,g,GOOD,3829
1700000003.830000,sim-pump-01,vibration_x,-2.369780,g,GOOD,3830
1700000003.831000,sim-pump-01,vibration_x,-2.936777,g,GOOD,3831
1700000003.832000,sim-pump-01,vibration_x,-3.347618,g,GOOD,3832
1700000003.833000,sim-pump-01,vibration_x,-3.360957,g,GOOD,3833
1700000003.834000,sim-pump-01,vibration_x,-3.745081,g,GOOD,3834
1700000003.835000,sim-pump-01,vibration_x,-3.507512,g,GOOD,3835
1700000003.836000,sim-pump-01,vibration_x,-3.595623,g,GOOD,3836
1700000003.837000,sim-pump-01,vibration_x,-2.589089,g,GOOD,3837
1700000003.838000,sim-pump-01,vibration_x,-1.927099,g,GOOD,3838
1700000003.839000,sim-pump-01,vibration_x,-1.345070,g,GOOD,3839
1700000003.840000,sim-pump-01,vibration_x,0.015293,g,GOOD,3840
1700000003.841000,sim-pump-01,vibration_x,1.041438,g,GOOD,3841
1700000003.842000,sim-pump-01,vibration_x,1.696281,g,GOOD,3842
1700000003.843000,sim-pump-01,vibration_x,2.859307,g,GOOD,3843
1700000003.844000,sim-pump-01,vibration_x,3.440168,g,GOOD,3844
1700000003.845000,sim-pump-01,vibration_x,3.535621,g,GOOD,3845
1700000003.846000,sim-pump-01,vibration_x,3.522593,g,GOOD,3846
1700000003.847000,sim-pump-01,vibration_x,3.578280,g,GOOD,3847
1700000003.848000,sim-pump-01,vibration_x,3.301688,g,GOOD,3848
1700000003.849000,sim-pump-01,vibration_x,2.652709,g,GOOD,3849
1700000003.850000,sim-pump-01,vibration_x,2.717296,g,GOOD,3850
1700000003.851000,sim-pump-01,vibration_x,2.423242,g,GOOD,3851
1700000003.852000,sim-pump-01,vibration_x,1.653016,g,GOOD,3852
1700000003.853000,sim-pump-01,vibration_x,1.479812,g,GOOD,3853
1700000003.854000,sim-pump-01,vibration_x,1.430401,g,GOOD,3854
1700000003.855000,sim-pump-01,vibration_x,1.381395,g,GOOD,3855
1700000003.856000,sim-pump-01,vibration_x,1.261781,g,GOOD,3856
1700000003.857000,sim-pump-01,vibration_x,0.576521,g,GOOD,3857
1700000003.858000,sim-pump-01,vibration_x,0.525411,g,GOOD,3858
1700000003.859000,sim-pump-01,vibration_x,0.366027,g,GOOD,3859
1700000003.860000,sim-pump-01,vibration_x,0.023008,g,GOOD,3860
1700000003.861000,sim-pump-01,vibration_x,-0.207604,g,GOOD,3861
1700000003.862000,sim-pump-01,vibration_x,-0.921204,g,GOOD,3862
1700000003.863000,sim-pump-01,vibration_x,-0.723443,g,GOOD,3863
1700000003.864000,sim-pump-01,vibration_x,-0.941858,g,GOOD,3864
1700000003.865000,sim-pump-01,vibration_x,-1.316069,g,GOOD,3865
1700000003.866000,sim-pump-01,vibration_x,-1.621273,g,GOOD,3866
1700000003.867000,sim-pump-01,vibration_x,-1.532325,g,GOOD,3867
1700000003.868000,sim-pump-01,vibration_x,-1.815416,g,GOOD,3868
1700000003.869000,sim-pump-01,vibration_x,-2.296392,g,GOOD,3869
1700000003.870000,sim-pump-01,vibration_x,-2.734434,g,GOOD,3870
1700000003.871000,sim-pump-01,vibration_x,-3.084665,g,GOOD,3871
1700000003.872000,sim-pump-01,vibration_x,-3.345318,g,GOOD,3872
1700000003.873000,sim-pump-01,vibration_x,-3.409215,g,GOOD,3873
1700000003.874000,sim-pump-01,vibration_x,-3.694751,g,GOOD,3874
1700000003.875000,sim-pump-01,vibration_x,-4.048380,g,GOOD,3875
1700000003.876000,sim-pump-01,vibration_x,-3.277076,g,GOOD,3876
1700000003.877000,sim-pump-01,vibration_x,-2.924712,g,GOOD,3877
1700000003.878000,sim-pump-01,vibration_x,-2.178191,g,GOOD,3878
1700000003.879000,sim-pump-01,vibration_x,-1.184414,g,GOOD,3879
1700000003.880000,sim-pump-01,vibration_x,-0.012301,g,GOOD,3880
1700000003.881000,sim-pump-01,vibration_x,1.123528,g,GOOD,3881
1700000003.882000,sim-pump-01,vibration_x,2.273164,g,GOOD,3882
1700000003.883000,sim-pump-01,vibration_x,2.970074,g,GOOD,3883
1700000003.884000,sim-pump-01,vibration_x,3.767699,g,GOOD,3884
1700000003.885000,sim-pump-01,vibration_x,3.827664,g,GOOD,3885
1700000003.886000,sim-pump-01,vibration_x,3.666775,g,GOOD,3886
1700000003.887000,sim-pump-01,vibration_x,3.877700,g,GOOD,3887
1700000003.888000,sim-pump-01,vibration_x,3.219649,g,GOOD,3888
1700000003.889000,sim-pump-01,vibration_x,3.049531,g,GOOD,3889
1700000003.890000,sim-pump-01,vibration_x,2.722055,g,GOOD,3890
1700000003.891000,sim-pump-01,vibration_x,2.166528,g,GOOD,3891
1700000003.892000,sim-pump-01,vibration_x,1.793440,g,GOOD,3892
1700000003.893000,sim-pump-01,vibration_x,1.656068,g,GOOD,3893
1700000003.894000,sim-pump-01,vibration_x,1.570074,g,GOOD,3894
1700000003.895000,sim-pump-01,vibration_x,1.232326,g,GOOD,3895
1700000003.896000,sim-pump-01,vibration_x,1.300531,g,GOOD,3896
1700000003.897000,sim-pump-01,vibration_x,0.520461,g,GOOD,3897
1700000003.898000,sim-pump-01,vibration_x,0.526313,g,GOOD,3898
1700000003.899000,sim-pump-01,vibration_x,0.148266,g,GOOD,3899
1700000003.900000,sim-pump-01,vibration_x,-0.337340,g,GOOD,3900
1700000003.901000,sim-pump-01,vibration_x,-0.276905,g,GOOD,3901
1700000003.902000,sim-pump-01,vibration_x,-0.593289,g,GOOD,3902
1700000003.903000,sim-pump-01,vibration_x,-1.013449,g,GOOD,3903
1700000003.904000,sim-pump-01,vibration_x,-1.040135,g,GOOD,3904
1700000003.905000,sim-pump-01,vibration_x,-1.167591,g,GOOD,3905
1700000003.906000,sim-pump-01,vibration_x,-1.462729,g,GOOD,3906
1700000003.907000,sim-pump-01,vibration_x,-1.571397,g,GOOD,3907
1700000003.908000,sim-pump-01,vibration_x,-1.708236,g,GOOD,3908
1700000003.909000,sim-pump-01,vibration_x,-2.243206,g,GOOD,3909
1700000003.910000,sim-pump-01,vibration_x,-2.533251,g,GOOD,3910
1700000003.911000,sim-pump-01,vibration_x,-3.068592,g,GOOD,3911
1700000003.912000,sim-pump-01,vibration_x,-3.377281,g,GOOD,3912
1700000003.913000,sim-pump-01,vibration_x,-3.570891,g,GOOD,3913
1700000003.914000,sim-pump-01,vibration_x,-3.919749,g,GOOD,3914
1700000003.915000,sim-pump-01,vibration_x,-3.669079,g,GOOD,3915
1700000003.916000,sim-pump-01,vibration_x,-3.318791,g,GOOD,3916
1700000003.917000,sim-pump-01,vibration_x,-2.981030,g,GOOD,3917
1700000003.918000,sim-pump-01,vibration_x,-2.336934,g,GOOD,3918
1700000003.919000,sim-pump-01,vibration_x,-1.049212,g,GOOD,3919
1700000003.920000,sim-pump-01,vibration_x,0.010217,g,GOOD,3920
1700000003.921000,sim-pump-01,vibration_x,0.732705,g,GOOD,3921
1700000003.922000,sim-pump-01,vibration_x,2.275617,g,GOOD,3922
1700000003.923000,sim-pump-01,vibration_x,2.565377,g,GOOD,3923
1700000003.924000,sim-pump-01,vibration_x,3.306658,g,GOOD,3924
1700000003.925000,sim-pump-01,vibration_x,3.564359,g,GOOD,3925
1700000003.926000,sim-pump-01,vibration_x,3.623300,g,GOOD,3926
1700000003.927000,sim-pump-01,vibration_x,3.637638,g,GOOD,3927
1700000003.928000,sim-pump-01,vibration_x,3.291002,g,GOOD,3928
1700000003.929000,sim-pump-01,vibration_x,2.981124,g,GOOD,3929
1700000003.930000,sim-pump-01,vibration_x,2.545849,g,GOOD,3930
1700000003.931000,sim-pump-01,vibration_x,2.117679,g,GOOD,3931
1700000003.932000,sim-pump-01,vibration_x,2.045125,g,GOOD,3932
1700000003.933000,sim-pump-01,vibration_x,1.538145,g,GOOD,3933
1700000003.934000,sim-pump-01,vibration_x,1.713414,g,GOOD,3934
1700000003.935000,sim-pump-01,vibration_x,1.041771,g,GOOD,3935
1700000003.936000,sim-pump-01,vibration_x,1.226702,g,GOOD,3936
1700000003.937000,sim-pump-01,vibration_x,0.893486,g,GOOD,3937
1700000003.938000,sim-pump-01,vibration_x,0.504647,g,GOOD,3938
1700000003.939000,sim-pump-01,vibration_x,0.183262,g,GOOD,3939
1700000003.940000,sim-pump-01,vibration_x,-0.072149,g,GOOD,3940
1700000003.941000,sim-pump-01,vibration_x,-0.341190,g,GOOD,3941
1700000003.942000,sim-pump-01,vibration_x,-0.494723,g,GOOD,3942
1700000003.943000,sim-pump-01,vibration_x,-0.949298,g,GOOD,3943
1700000003.944000,sim-pump-01,vibration_x,-0.933708,g,GOOD,3944
1700000003.945000,sim-pump-01,vibration_x,-1.488046,g,GOOD,3945
1700000003.946000,sim-pump-01,vibration_x,-1.224421,g,GOOD,3946
1700000003.947000,sim-pump-01,vibration_x,-1.618747,g,GOOD,3947
1700000003.948000,sim-pump-01,vibration_x,-2.090582,g,GOOD,3948
1700000003.949000,sim-pump-01,vibration_x,-2.195346,g,GOOD,3949
1700000003.950000,sim-pump-01,vibration_x,-2.552976,g,GOOD,3950
1700000003.951000,sim-pump-01,vibration_x,-2.965813,g,GOOD,3951
1700000003.952000,sim-pump-01,vibration_x,-3.307939,g,GOOD,3952
1700000003.953000,sim-pump-01,vibration_x,-3.430607,g,GOOD,3953
1700000003.954000,sim-pump-01,vibration_x,-3.746497,g,GOOD,3954
1700000003.955000,sim-pump-01,vibration_x,-3.836934,g,GOOD,3955
1700000003.956000,sim-pump-01,vibration_x,-3.207926,g,GOOD,3956
1700000003.957000,sim-pump-01,vibration_x,-2.544802,g,GOOD,3957
1700000003.958000,sim-pump-01,vibration_x,-2.224334,g,GOOD,3958
1700000003.959000,sim-pump-01,vibration_x,-1.025385,g,GOOD,3959
1700000003.960000,sim-pump-01,vibration_x,-0.163636,g,GOOD,3960
1700000003.961000,sim-pump-01,vibration_x,1.298433,g,GOOD,3961
1700000003.962000,sim-pump-01,vibration_x,2.211110,g,GOOD,3962
1700000003.963000,sim-pump-01,vibration_x,2.586784,g,GOOD,3963
1700000003.964000,sim-pump-01,vibration_x,3.083238,g,GOOD,3964
1700000003.965000,sim-pump-01,vibration_x,3.430298,g,GOOD,3965
1700000003.966000,sim-pump-01,vibration_x,3.834125,g,GOOD,3966
1700000003.967000,sim-pump-01,vibration_x,3.573137,g,GOOD,3967
1700000003.968000,sim-pump-01,vibration_x,3.212432,g,GOOD,3968
1700000003.969000,sim-pump-01,vibration_x,3.023661,g,GOOD,3969
1700000003.970000,sim-pump-01,vibration_x,2.638361,g,GOOD,3970
1700000003.971000,sim-pump-01,vibration_x,1.979562,g,GOOD,3971
1700000003.972000,sim-pump-01,vibration_x,1.913371,g,GOOD,3972
1700000003.973000,sim-pump-01,vibration_x,1.661370,g,GOOD,3973
1700000003.974000,sim-pump-01,vibration_x,1.765675,g,GOOD,3974
1700000003.975000,sim-pump-01,vibration_x,0.858390,g,GOOD,3975
1700000003.976000,sim-pump-01,vibration_x,0.904929,g,GOOD,3976
1700000003.977000,sim-pump-01,vibration_x,0.840204,g,GOOD,3977
1700000003.978000,sim-pump-01,vibration_x,0.361527,g,GOOD,3978
1700000003.979000,sim-pump-01,vibration_x,0.329237,g,GOOD,3979
1700000003.980000,sim-pump-01,vibration_x,-0.265677,g,GOOD,3980
1700000003.981000,sim-pump-01,vibration_x,-0.218182,g,GOOD,3981
1700000003.982000,sim-pump-01,vibration_x,-0.503949,g,GOOD,3982
1700000003.983000,sim-pump-01,vibration_x,-0.711378,g,GOOD,3983
1700000003.984000,sim-pump-01,vibration_x,-1.074088,g,GOOD,3984
1700000003.985000,sim-pump-01,vibration_x,-1.645188,g,GOOD,3985
1700000003.986000,sim-pump-01,vibration_x,-1.541112,g,GOOD,3986
1700000003.987000,sim-pump-01,vibration_x,-1.875417,g,GOOD,3987
1700000003.988000,sim-pump-01,vibration_x,-1.806475,g,GOOD,3988
1700000003.989000,sim-pump-01,vibration_x,-2.365934,g,GOOD,3989
1700000003.990000,sim-pump-01,vibration_x,-2.739784,g,GOOD,3990
1700000003.991000,sim-pump-01,vibration_x,-2.798570,g,GOOD,3991
1700000003.992000,sim-pump-01,vibration_x,-3.030055,g,GOOD,3992
1700000003.993000,sim-pump-01,vibration_x,-3.626179,g,GOOD,3993
1700000003.994000,sim-pump-01,vibration_x,-3.651755,g,GOOD,3994
1700000003.995000,sim-pump-01,vibration_x,-3.409551,g,GOOD,3995
1700000003.996000,sim-pump-01,vibration_x,-3.197445,g,GOOD,3996
1700000003.997000,sim-pump-01,vibration_x,-2.721295,g,GOOD,3997
1700000003.998000,sim-pump-01,vibration_x,-2.097897,g,GOOD,3998
1700000003.999000,sim-pump-01,vibration_x,-1.095374,g,GOOD,3999
1700000004.000000,sim-pump-01,vibration_x,-0.008677,g,GOOD,4000
1700000004.001000,sim-pump-01,vibration_x,0.978734,g,GOOD,4001
1700000004.002000,sim-pump-01,vibration_x,2.210056,g,GOOD,4002
1700000004.003000,sim-pump-01,vibration_x,2.929648,g,GOOD,4003
1700000004.004000,sim-pump-01,vibration_x,3.216643,g,GOOD,4004
1700000004.005000,sim-pump-01,vibration_x,3.579673,g,GOOD,4005
1700000004.006000,sim-pump-01,vibration_x,3.590182,g,GOOD,4006
1700000004.007000,sim-pump-01,vibration_x,3.583269,g,GOOD,4007
1700000004.008000,sim-pump-01,vibration_x,3.370754,g,GOOD,4008
1700000004.009000,sim-pump-01,vibration_x,2.890576,g,GOOD,4009
1700000004.010000,sim-pump-01,vibration_x,2.431624,g,GOOD,4010
1700000004.011000,sim-pump-01,vibration_x,2.175904,g,GOOD,4011
1700000004.012000,sim-pump-01,vibration_x,1.755623,g,GOOD,4012
1700000004.013000,sim-pump-01,vibration_x,1.432826,g,GOOD,4013
1700000004.014000,sim-pump-01,vibration_x,1.315276,g,GOOD,4014
1700000004.015000,sim-pump-01,vibration_x,1.262146,g,GOOD,4015
1700000004.016000,sim-pump-01,vibration_x,1.030447,g,GOOD,4016
1700000004.017000,sim-pump-01,vibration_x,0.703868,g,GOOD,4017
1700000004.018000,sim-pump-01,vibration_x,0.699377,g,GOOD,4018
1700000004.019000,sim-pump-01,vibration_x,0.474310,g,GOOD,4019
1700000004.020000,sim-pump-01,vibration_x,-0.124325,g,GOOD,4020
1700000004.021000,sim-pump-01,vibration_x,-0.465056,g,GOOD,4021
1700000004.022000,sim-pump-01,vibration_x,-0.573660,g,GOOD,4022
1700000004.023000,sim-pump-01,vibration_x,-0.952693,g,GOOD,4023
1700000004.024000,sim-pump-01,vibration_x,-1.318024,g,GOOD,4024
1700000004.025000,sim-pump-01,vibration_x,-1.171600,g,GOOD,4025
1700000004.026000,sim-pump-01,vibration_x,-1.223781,g,GOOD,4026
1700000004.027000,sim-pump-01,vibration_x,-1.445615,g,GOOD,4027
1700000004.028000,sim-pump-01,vibration_x,-1.961808,g,GOOD,4028
1700000004.029000,sim-pump-01,vibration_x,-2.157438,g,GOOD,4029
1700000004.030000,sim-pump-01,vibration_x,-2.597233,g,GOOD,4030
1700000004.031000,sim-pump-01,vibration_x,-2.762539,g,GOOD,4031
1700000004.032000,sim-pump-01,vibration_x,-3.419745,g,GOOD,4032
1700000004.033000,sim-pump-01,vibration_x,-3.386125,g,GOOD,4033
1700000004.034000,sim-pump-01,vibration_x,-3.612240,g,GOOD,4034
1700000004.035000,sim-pump-01,vibration_x,-3.552690,g,GOOD,4035
1700000004.036000,sim-pump-01,vibration_x,-3.237341,g,GOOD,4036
1700000004.037000,sim-pump-01,vibration_x,-3.002374,g,GOOD,4037
1700000004.038000,sim-pump-01,vibration_x,-1.689039,g,GOOD,4038
1700000004.039000,sim-pump-01,vibration_x,-0.905974,g,GOOD,4039
1700000004.040000,sim-pump-01,vibration_x,-0.063820,g,GOOD,4040
1700000004.041000,sim-pump-01,vibration_x,0.926774,g,GOOD,4041
1700000004.042000,sim-pump-01,vibration_x,1.964347,g,GOOD,4042
1700000004.043000,sim-pump-01,vibration_x,2.614175,g,GOOD,4043
1700000004.044000,sim-pump-01,vibration_x,3.343639,g,GOOD,4044
1700000004.045000,sim-pump-01,vibration_x,3.565737,g,GOOD,4045
1700000004.046000,sim-pump-01,vibration_x,3.645289,g,GOOD,4046
1700000004.047000,sim-pump-01,vibration_x,3.721217,g,GOOD,4047
1700000004.048000,sim-pump-01,vibration_x,3.377681,g,GOOD,4048
1700000004.049000,sim-pump-01,vibration_x,2.913525,g,GOOD,4049
1700000004.050000,sim-pump-01,vibration_x,2.558364,g,GOOD,4050
1700000004.051000,sim-pump-01,vibration_x,1.899388,g,GOOD,4051
1700000004.052000,sim-pump-01,vibration_x,1.962338,g,GOOD,4052
1700000004.053000,sim-pump-01,vibration_x,1.589399,g,GOOD,4053
1700000004.054000,sim-pump-01,vibration_x,1.487485,g,GOOD,4054
1700000004.055000,sim-pump-01,vibration_x,1.392088,g,GOOD,4055
1700000004.056000,sim-pump-01,vibration_x,1.227276,g,GOOD,4056
1700000004.057000,sim-pump-01,vibration_x,0.614362,g,GOOD,4057
1700000004.058000,sim-pump-01,vibration_x,0.559207,g,GOOD,4058
1700000004.059000,sim-pump-01,vibration_x,0.363701,g,GOOD,4059
1700000004.060000,sim-pump-01,vibration_x,-0.100186,g,GOOD,4060
1700000004.061000,sim-pump-01,vibration_x,-0.392166,g,GOOD,4061
1700000004.062000,sim-pump-01,vibration_x,-0.521344,g,GOOD,4062
1700000004.063000,sim-pump-01,vibration_x,-0.758216,g,GOOD,4063
1700000004.064000,sim-pump-01,vibration_x,-1.333770,g,GOOD,4064
1700000004.065000,sim-pump-01,vibration_x,-1.265977,g,GOOD,4065
1700000004.066000,sim-pump-01,vibration_x,-1.635228,g,GOOD,4066
1700000004.067000,sim-pump-01,vibration_x,-1.441378,g,GOOD,4067
1700000004.068000,sim-pump-01,vibration_x,-1.910636,g,GOOD,4068
1700000004.069000,sim-pump-01,vibration_x,-2.235201,g,GOOD,4069
1700000004.070000,sim-pump-01,vibration_x,-2.808558,g,GOOD,4070
1700000004.071000,sim-pump-01,vibration_x,-2.948162,g,GOOD,4071
1700000004.072000,sim-pump-01,vibration_x,-3.312452,g,GOOD,4072
1700000004.073000,sim-pump-01,vibration_x,-3.350000,g,GOOD,4073
1700000004.074000,sim-pump-01,vibration_x,-4.098801,g,GOOD,4074
1700000004.075000,sim-pump-01,vibration_x,-3.748882,g,GOOD,4075
1700000004.076000,sim-pump-01,vibration_x,-3.324754,g,GOOD,4076
1700000004.077000,sim-pump-01,vibration_x,-2.781434,g,GOOD,4077
1700000004.078000,sim-pump-01,vibration_x,-1.966948,g,GOOD,4078
1700000004.079000,sim-pump-01,vibration_x,-0.966474,g,GOOD,4079
1700000004.080000,sim-pump-01,vibration_x,-0.383871,g,GOOD,4080
1700000004.081000,sim-pump-01,vibration_x,1.038315,g,GOOD,4081
1700000004.082000,sim-pump-01,vibration_x,2.280902,g,GOOD,4082
1700000004.083000,sim-pump-01,vibration_x,2.567552,g,GOOD,4083
1700000004.084000,sim-pump-01,vibration_x,3.422041,g,GOOD,4084
1700000004.085000,sim-pump-01,vibration_x,3.369613,g,GOOD,4085
1700000004.086000,sim-pump-01,vibration_x,3.774361,g,GOOD,4086
1700000004.087000,sim-pump-01,vibration_x,3.542447,g,GOOD,4087
1700000004.088000,sim-pump-01,vibration_x,3.157737,g,GOOD,4088
1700000004.089000,sim-pump-01,vibration_x,3.060702,g,GOOD,4089
1700000004.090000,sim-pump-01,vibration_x,2.679388,g,GOOD,4090
1700000004.091000,sim-pump-01,vibration_x,2.390174,g,GOOD,4091
1700000004.092000,sim-pump-01,vibration_x,1.883633,g,GOOD,4092
1700000004.093000,sim-pump-01,vibration_x,1.537633,g,GOOD,4093
1700000004.094000,sim-pump-01,vibration_x,1.245988,g,GOOD,4094
1700000004.095000,sim-pump-01,vibration_x,1.249252,g,GOOD,4095
